,year,games_type,host_country,host_city,athletes,teams,competitions,country,gold,silver,bronze,total_medaille
29,2020,Summer,Japan,Tokyo,11420,206,339,Argentina,0,1,2,3
30,2020,Summer,Japan,Tokyo,11420,206,339,Armenia,0,2,2,4
31,2020,Summer,Japan,Tokyo,11420,206,339,Australia,17,7,22,46
32,2020,Summer,Japan,Tokyo,11420,206,339,Austria,1,1,5,7
33,2020,Summer,Japan,Tokyo,11420,206,339,Azerbaijan,0,3,4,7
34,2020,Summer,Japan,Tokyo,11420,206,339,Bahamas,2,0,0,2
35,2020,Summer,Japan,Tokyo,11420,206,339,Bahrain,0,1,0,1
36,2020,Summer,Japan,Tokyo,11420,206,339,Belarus,1,3,3,7
37,2020,Summer,Japan,Tokyo,11420,206,339,Belgium,3,1,3,7
38,2020,Summer,Japan,Tokyo,11420,206,339,Bermuda,1,0,0,1
39,2020,Summer,Japan,Tokyo,11420,206,339,Botswana,0,0,1,1
40,2020,Summer,Japan,Tokyo,11420,206,339,Brazil,7,6,8,21
41,2020,Summer,Japan,Tokyo,11420,206,339,Bulgaria,3,1,2,6
42,2020,Summer,Japan,Tokyo,11420,206,339,Burkina Faso,0,0,1,1
43,2020,Summer,Japan,Tokyo,11420,206,339,Canada,7,7,10,24
44,2020,Summer,Japan,Tokyo,11420,206,339,Chinese Taipei,2,4,6,12
45,2020,Summer,Japan,Tokyo,11420,206,339,Colombia,0,4,1,5
46,2020,Summer,Japan,Tokyo,11420,206,339,Croatia,3,3,2,8
47,2020,Summer,Japan,Tokyo,11420,206,339,Cuba,7,3,5,15
48,2020,Summer,Japan,Tokyo,11420,206,339,Czechia,4,4,3,11
49,2020,Summer,Japan,Tokyo,11420,206,339,Côte d'Ivoire,0,0,1,1
50,2020,Summer,Japan,Tokyo,11420,206,339,Denmark,3,4,4,11
51,2020,Summer,Japan,Tokyo,11420,206,339,Dominican Republic,0,3,2,5
52,2020,Summer,Japan,Tokyo,11420,206,339,Ecuador,2,1,0,3
53,2020,Summer,Japan,Tokyo,11420,206,339,Egypt,1,1,4,6
54,2020,Summer,Japan,Tokyo,11420,206,339,Estonia,1,0,1,2
55,2020,Summer,Japan,Tokyo,11420,206,339,Ethiopia,1,1,2,4
56,2020,Summer,Japan,Tokyo,11420,206,339,Fiji,1,0,1,2
57,2020,Summer,Japan,Tokyo,11420,206,339,Finland,0,0,2,2
58,2020,Summer,Japan,Tokyo,11420,206,339,France,10,12,11,33
59,2020,Summer,Japan,Tokyo,11420,206,339,Georgia,2,5,1,8
60,2020,Summer,Japan,Tokyo,11420,206,339,Germany,10,11,16,37
61,2020,Summer,Japan,Tokyo,11420,206,339,Ghana,0,0,1,1
62,2020,Summer,Japan,Tokyo,11420,206,339,Greece,2,1,1,4
63,2020,Summer,Japan,Tokyo,11420,206,339,Grenada,0,0,1,1
64,2020,Summer,Japan,Tokyo,11420,206,339,"Hong Kong, China",1,2,3,6
65,2020,Summer,Japan,Tokyo,11420,206,339,Hungary,6,7,7,20
66,2020,Summer,Japan,Tokyo,11420,206,339,India,1,2,4,7
67,2020,Summer,Japan,Tokyo,11420,206,339,Indonesia,1,1,3,5
68,2020,Summer,Japan,Tokyo,11420,206,339,Ireland,2,0,2,4
69,2020,Summer,Japan,Tokyo,11420,206,339,Islamic Republic of Iran,3,2,2,7
70,2020,Summer,Japan,Tokyo,11420,206,339,Israel,2,0,2,4
71,2020,Summer,Japan,Tokyo,11420,206,339,Italy,10,10,20,40
72,2020,Summer,Japan,Tokyo,11420,206,339,Jamaica,4,1,4,9
73,2020,Summer,Japan,Tokyo,11420,206,339,Japan,27,14,17,58
74,2020,Summer,Japan,Tokyo,11420,206,339,Jordan,0,1,1,2
75,2020,Summer,Japan,Tokyo,11420,206,339,Kazakhstan,0,0,8,8
76,2020,Summer,Japan,Tokyo,11420,206,339,Kenya,4,4,2,10
77,2020,Summer,Japan,Tokyo,11420,206,339,Kosovo,2,0,0,2
78,2020,Summer,Japan,Tokyo,11420,206,339,Kuwait,0,0,1,1
79,2020,Summer,Japan,Tokyo,11420,206,339,Kyrgyzstan,0,2,1,3
80,2020,Summer,Japan,Tokyo,11420,206,339,Latvia,1,0,1,2
81,2020,Summer,Japan,Tokyo,11420,206,339,Lithuania,0,1,0,1
82,2020,Summer,Japan,Tokyo,11420,206,339,Malaysia,0,1,1,2
83,2020,Summer,Japan,Tokyo,11420,206,339,Mexico,0,0,4,4
84,2020,Summer,Japan,Tokyo,11420,206,339,Moldova,0,0,1,1
85,2020,Summer,Japan,Tokyo,11420,206,339,Mongolia,0,1,3,4
86,2020,Summer,Japan,Tokyo,11420,206,339,Morocco,1,0,0,1
87,2020,Summer,Japan,Tokyo,11420,206,339,Namibia,0,1,0,1
88,2020,Summer,Japan,Tokyo,11420,206,339,Netherlands,10,12,14,36
89,2020,Summer,Japan,Tokyo,11420,206,339,New Zealand,7,6,7,20
90,2020,Summer,Japan,Tokyo,11420,206,339,Nigeria,0,1,1,2
91,2020,Summer,Japan,Tokyo,11420,206,339,North Macedonia,0,1,0,1
92,2020,Summer,Japan,Tokyo,11420,206,339,Norway,4,2,2,8
93,2020,Summer,Japan,Tokyo,11420,206,339,People's Republic of China,38,32,19,89
94,2020,Summer,Japan,Tokyo,11420,206,339,Philippines,1,2,1,4
95,2020,Summer,Japan,Tokyo,11420,206,339,Poland,4,5,5,14
96,2020,Summer,Japan,Tokyo,11420,206,339,Portugal,1,1,2,4
97,2020,Summer,Japan,Tokyo,11420,206,339,Puerto Rico,1,0,0,1
98,2020,Summer,Japan,Tokyo,11420,206,339,Qatar,2,0,1,3
99,2020,Summer,Japan,Tokyo,11420,206,339,ROC,20,28,23,71
100,2020,Summer,Japan,Tokyo,11420,206,339,Republic of Korea,6,4,10,20
101,2020,Summer,Japan,Tokyo,11420,206,339,Romania,1,3,0,4
102,2020,Summer,Japan,Tokyo,11420,206,339,San Marino,0,1,2,3
103,2020,Summer,Japan,Tokyo,11420,206,339,Saudi Arabia,0,1,0,1
104,2020,Summer,Japan,Tokyo,11420,206,339,Serbia,3,1,5,9
105,2020,Summer,Japan,Tokyo,11420,206,339,Slovakia,1,2,1,4
106,2020,Summer,Japan,Tokyo,11420,206,339,Slovenia,3,1,1,5
107,2020,Summer,Japan,Tokyo,11420,206,339,South Africa,1,2,0,3
108,2020,Summer,Japan,Tokyo,11420,206,339,Spain,3,8,6,17
109,2020,Summer,Japan,Tokyo,11420,206,339,Sweden,3,6,0,9
110,2020,Summer,Japan,Tokyo,11420,206,339,Switzerland,3,4,6,13
111,2020,Summer,Japan,Tokyo,11420,206,339,Syrian Arab Republic,0,0,1,1
112,2020,Summer,Japan,Tokyo,11420,206,339,Thailand,1,0,1,2
113,2020,Summer,Japan,Tokyo,11420,206,339,Tunisia,1,1,0,2
114,2020,Summer,Japan,Tokyo,11420,206,339,Turkey,2,2,9,13
115,2020,Summer,Japan,Tokyo,11420,206,339,Turkmenistan,0,1,0,1
116,2020,Summer,Japan,Tokyo,11420,206,339,Uganda,2,1,1,4
117,2020,Summer,Japan,Tokyo,11420,206,339,Ukraine,1,6,12,19
118,2020,Summer,Japan,Tokyo,11420,206,339,United Kingdom,22,20,22,64
119,2020,Summer,Japan,Tokyo,11420,206,339,United States of America,39,41,33,113
120,2020,Summer,Japan,Tokyo,11420,206,339,Uzbekistan,3,0,2,5
121,2020,Summer,Japan,Tokyo,11420,206,339,Venezuela,1,3,0,4
152,2016,Summer,Brazil,Rio,11238,207,306,Algeria,0,2,0,2
153,2016,Summer,Brazil,Rio,11238,207,306,Argentina,3,1,0,4
154,2016,Summer,Brazil,Rio,11238,207,306,Armenia,1,3,0,4
155,2016,Summer,Brazil,Rio,11238,207,306,Australia,8,11,10,29
156,2016,Summer,Brazil,Rio,11238,207,306,Austria,0,0,1,1
157,2016,Summer,Brazil,Rio,11238,207,306,Azerbaijan,1,7,10,18
158,2016,Summer,Brazil,Rio,11238,207,306,Bahamas,1,0,1,2
159,2016,Summer,Brazil,Rio,11238,207,306,Bahrain,1,1,0,2
160,2016,Summer,Brazil,Rio,11238,207,306,Belarus,1,4,4,9
161,2016,Summer,Brazil,Rio,11238,207,306,Belgium,2,2,2,6
162,2016,Summer,Brazil,Rio,11238,207,306,Brazil,7,6,6,19
163,2016,Summer,Brazil,Rio,11238,207,306,Bulgaria,0,1,2,3
164,2016,Summer,Brazil,Rio,11238,207,306,Burundi,0,1,0,1
165,2016,Summer,Brazil,Rio,11238,207,306,Canada,4,3,15,22
166,2016,Summer,Brazil,Rio,11238,207,306,Chinese Taipei,1,0,2,3
167,2016,Summer,Brazil,Rio,11238,207,306,Colombia,3,2,3,8
168,2016,Summer,Brazil,Rio,11238,207,306,Croatia,5,3,2,10
169,2016,Summer,Brazil,Rio,11238,207,306,Cuba,5,2,4,11
170,2016,Summer,Brazil,Rio,11238,207,306,Czechia,1,2,7,10
171,2016,Summer,Brazil,Rio,11238,207,306,Côte d'Ivoire,1,0,1,2
172,2016,Summer,Brazil,Rio,11238,207,306,Democratic People's Republic of Korea,2,3,2,7
173,2016,Summer,Brazil,Rio,11238,207,306,Denmark,2,6,7,15
174,2016,Summer,Brazil,Rio,11238,207,306,Dominican Republic,0,0,1,1
175,2016,Summer,Brazil,Rio,11238,207,306,Egypt,0,0,3,3
176,2016,Summer,Brazil,Rio,11238,207,306,Estonia,0,0,1,1
177,2016,Summer,Brazil,Rio,11238,207,306,Ethiopia,1,2,5,8
178,2016,Summer,Brazil,Rio,11238,207,306,Fiji,1,0,0,1
179,2016,Summer,Brazil,Rio,11238,207,306,Finland,0,0,1,1
180,2016,Summer,Brazil,Rio,11238,207,306,France,10,18,14,42
181,2016,Summer,Brazil,Rio,11238,207,306,Georgia,2,1,4,7
182,2016,Summer,Brazil,Rio,11238,207,306,Germany,17,10,15,42
183,2016,Summer,Brazil,Rio,11238,207,306,Greece,3,1,2,6
184,2016,Summer,Brazil,Rio,11238,207,306,Grenada,0,1,0,1
185,2016,Summer,Brazil,Rio,11238,207,306,Hungary,8,3,4,15
186,2016,Summer,Brazil,Rio,11238,207,306,Independent Olympic Athletes,1,0,1,2
187,2016,Summer,Brazil,Rio,11238,207,306,India,0,1,1,2
188,2016,Summer,Brazil,Rio,11238,207,306,Indonesia,1,2,0,3
189,2016,Summer,Brazil,Rio,11238,207,306,Ireland,0,2,0,2
190,2016,Summer,Brazil,Rio,11238,207,306,Islamic Republic of Iran,3,1,4,8
191,2016,Summer,Brazil,Rio,11238,207,306,Israel,0,0,2,2
192,2016,Summer,Brazil,Rio,11238,207,306,Italy,8,12,8,28
193,2016,Summer,Brazil,Rio,11238,207,306,Jamaica,6,3,2,11
194,2016,Summer,Brazil,Rio,11238,207,306,Japan,12,8,21,41
195,2016,Summer,Brazil,Rio,11238,207,306,Jordan,1,0,0,1
196,2016,Summer,Brazil,Rio,11238,207,306,Kazakhstan,2,5,10,17
197,2016,Summer,Brazil,Rio,11238,207,306,Kenya,6,6,1,13
198,2016,Summer,Brazil,Rio,11238,207,306,Kosovo,1,0,0,1
199,2016,Summer,Brazil,Rio,11238,207,306,Lithuania,0,1,3,4
200,2016,Summer,Brazil,Rio,11238,207,306,Malaysia,0,4,1,5
201,2016,Summer,Brazil,Rio,11238,207,306,Mexico,0,3,2,5
202,2016,Summer,Brazil,Rio,11238,207,306,Mongolia,0,1,1,2
203,2016,Summer,Brazil,Rio,11238,207,306,Morocco,0,0,1,1
204,2016,Summer,Brazil,Rio,11238,207,306,Netherlands,8,7,4,19
205,2016,Summer,Brazil,Rio,11238,207,306,New Zealand,4,9,5,18
206,2016,Summer,Brazil,Rio,11238,207,306,Niger,0,1,0,1
207,2016,Summer,Brazil,Rio,11238,207,306,Nigeria,0,0,1,1
208,2016,Summer,Brazil,Rio,11238,207,306,Norway,0,0,4,4
209,2016,Summer,Brazil,Rio,11238,207,306,People's Republic of China,26,18,26,70
210,2016,Summer,Brazil,Rio,11238,207,306,Philippines,0,1,0,1
211,2016,Summer,Brazil,Rio,11238,207,306,Poland,2,3,6,11
212,2016,Summer,Brazil,Rio,11238,207,306,Portugal,0,0,1,1
213,2016,Summer,Brazil,Rio,11238,207,306,Puerto Rico,1,0,0,1
214,2016,Summer,Brazil,Rio,11238,207,306,Qatar,0,1,0,1
215,2016,Summer,Brazil,Rio,11238,207,306,Republic of Korea,9,3,9,21
216,2016,Summer,Brazil,Rio,11238,207,306,Romania,1,1,2,4
217,2016,Summer,Brazil,Rio,11238,207,306,Russian Federation,19,17,20,56
218,2016,Summer,Brazil,Rio,11238,207,306,Serbia,2,4,2,8
219,2016,Summer,Brazil,Rio,11238,207,306,Singapore,1,0,0,1
220,2016,Summer,Brazil,Rio,11238,207,306,Slovakia,2,2,0,4
221,2016,Summer,Brazil,Rio,11238,207,306,Slovenia,1,2,1,4
222,2016,Summer,Brazil,Rio,11238,207,306,South Africa,2,6,2,10
223,2016,Summer,Brazil,Rio,11238,207,306,Spain,7,4,6,17
224,2016,Summer,Brazil,Rio,11238,207,306,Sweden,2,6,3,11
225,2016,Summer,Brazil,Rio,11238,207,306,Switzerland,3,2,2,7
226,2016,Summer,Brazil,Rio,11238,207,306,Tajikistan,1,0,0,1
227,2016,Summer,Brazil,Rio,11238,207,306,Thailand,2,2,2,6
228,2016,Summer,Brazil,Rio,11238,207,306,Trinidad and Tobago,0,0,1,1
229,2016,Summer,Brazil,Rio,11238,207,306,Tunisia,0,0,3,3
230,2016,Summer,Brazil,Rio,11238,207,306,Turkey,1,3,4,8
231,2016,Summer,Brazil,Rio,11238,207,306,Ukraine,2,5,4,11
232,2016,Summer,Brazil,Rio,11238,207,306,United Arab Emirates,0,0,1,1
233,2016,Summer,Brazil,Rio,11238,207,306,United Kingdom,27,23,17,67
234,2016,Summer,Brazil,Rio,11238,207,306,United States of America,46,37,38,121
235,2016,Summer,Brazil,Rio,11238,207,306,Uzbekistan,4,2,7,13
236,2016,Summer,Brazil,Rio,11238,207,306,Venezuela,0,2,1,3
237,2016,Summer,Brazil,Rio,11238,207,306,Vietnam,1,1,0,2
264,2012,Summer,Great Britain,London,10568,204,302,Afghanistan,0,0,1,1
265,2012,Summer,Great Britain,London,10568,204,302,Algeria,1,0,0,1
266,2012,Summer,Great Britain,London,10568,204,302,Argentina,1,1,2,4
267,2012,Summer,Great Britain,London,10568,204,302,Armenia,0,1,1,2
268,2012,Summer,Great Britain,London,10568,204,302,Australia,8,15,12,35
269,2012,Summer,Great Britain,London,10568,204,302,Azerbaijan,2,2,5,9
270,2012,Summer,Great Britain,London,10568,204,302,Bahamas,1,0,0,1
271,2012,Summer,Great Britain,London,10568,204,302,Bahrain,1,0,0,1
272,2012,Summer,Great Britain,London,10568,204,302,Belarus,2,5,3,10
273,2012,Summer,Great Britain,London,10568,204,302,Belgium,0,1,2,3
274,2012,Summer,Great Britain,London,10568,204,302,Botswana,0,1,0,1
275,2012,Summer,Great Britain,London,10568,204,302,Brazil,3,5,9,17
276,2012,Summer,Great Britain,London,10568,204,302,Bulgaria,0,2,1,3
277,2012,Summer,Great Britain,London,10568,204,302,Cameroon,0,0,1,1
278,2012,Summer,Great Britain,London,10568,204,302,Canada,2,6,10,18
279,2012,Summer,Great Britain,London,10568,204,302,Chinese Taipei,1,0,1,2
280,2012,Summer,Great Britain,London,10568,204,302,Colombia,1,3,5,9
281,2012,Summer,Great Britain,London,10568,204,302,Croatia,3,1,2,6
282,2012,Summer,Great Britain,London,10568,204,302,Cuba,5,3,7,15
283,2012,Summer,Great Britain,London,10568,204,302,Cyprus,0,1,0,1
284,2012,Summer,Great Britain,London,10568,204,302,Czechia,4,4,3,11
285,2012,Summer,Great Britain,London,10568,204,302,Democratic People's Republic of Korea,4,0,2,6
286,2012,Summer,Great Britain,London,10568,204,302,Denmark,2,4,3,9
287,2012,Summer,Great Britain,London,10568,204,302,Dominican Republic,1,1,0,2
288,2012,Summer,Great Britain,London,10568,204,302,Egypt,0,3,1,4
289,2012,Summer,Great Britain,London,10568,204,302,Estonia,0,1,1,2
290,2012,Summer,Great Britain,London,10568,204,302,Ethiopia,3,2,3,8
291,2012,Summer,Great Britain,London,10568,204,302,Finland,0,2,1,3
292,2012,Summer,Great Britain,London,10568,204,302,France,11,11,13,35
293,2012,Summer,Great Britain,London,10568,204,302,Gabon,0,1,0,1
294,2012,Summer,Great Britain,London,10568,204,302,Georgia,1,2,3,6
295,2012,Summer,Great Britain,London,10568,204,302,Germany,11,20,13,44
296,2012,Summer,Great Britain,London,10568,204,302,Greece,0,0,2,2
297,2012,Summer,Great Britain,London,10568,204,302,Grenada,1,0,0,1
298,2012,Summer,Great Britain,London,10568,204,302,Guatemala,0,1,0,1
299,2012,Summer,Great Britain,London,10568,204,302,"Hong Kong, China",0,0,1,1
300,2012,Summer,Great Britain,London,10568,204,302,Hungary,8,4,6,18
301,2012,Summer,Great Britain,London,10568,204,302,India,0,2,4,6
302,2012,Summer,Great Britain,London,10568,204,302,Indonesia,0,2,1,3
303,2012,Summer,Great Britain,London,10568,204,302,Ireland,1,1,4,6
304,2012,Summer,Great Britain,London,10568,204,302,Islamic Republic of Iran,7,5,1,13
305,2012,Summer,Great Britain,London,10568,204,302,Italy,8,9,11,28
306,2012,Summer,Great Britain,London,10568,204,302,Jamaica,4,5,4,13
307,2012,Summer,Great Britain,London,10568,204,302,Japan,7,14,17,38
308,2012,Summer,Great Britain,London,10568,204,302,Kazakhstan,3,1,7,11
309,2012,Summer,Great Britain,London,10568,204,302,Kenya,2,4,7,13
310,2012,Summer,Great Britain,London,10568,204,302,Kuwait,0,0,1,1
311,2012,Summer,Great Britain,London,10568,204,302,Latvia,1,0,1,2
312,2012,Summer,Great Britain,London,10568,204,302,Lithuania,2,0,3,5
313,2012,Summer,Great Britain,London,10568,204,302,Malaysia,0,1,1,2
314,2012,Summer,Great Britain,London,10568,204,302,Mexico,1,3,4,8
315,2012,Summer,Great Britain,London,10568,204,302,Mongolia,0,2,3,5
316,2012,Summer,Great Britain,London,10568,204,302,Montenegro,0,1,0,1
317,2012,Summer,Great Britain,London,10568,204,302,Morocco,0,0,1,1
318,2012,Summer,Great Britain,London,10568,204,302,Netherlands,6,6,8,20
319,2012,Summer,Great Britain,London,10568,204,302,New Zealand,6,2,5,13
320,2012,Summer,Great Britain,London,10568,204,302,Norway,2,1,1,4
321,2012,Summer,Great Britain,London,10568,204,302,People's Republic of China,39,31,22,92
322,2012,Summer,Great Britain,London,10568,204,302,Poland,3,2,6,11
323,2012,Summer,Great Britain,London,10568,204,302,Portugal,0,1,0,1
324,2012,Summer,Great Britain,London,10568,204,302,Puerto Rico,0,1,1,2
325,2012,Summer,Great Britain,London,10568,204,302,Qatar,0,1,1,2
326,2012,Summer,Great Britain,London,10568,204,302,Republic of Korea,13,9,8,30
327,2012,Summer,Great Britain,London,10568,204,302,Romania,2,4,1,7
328,2012,Summer,Great Britain,London,10568,204,302,Russian Federation,18,21,26,65
329,2012,Summer,Great Britain,London,10568,204,302,Saudi Arabia,0,0,1,1
330,2012,Summer,Great Britain,London,10568,204,302,Serbia,1,1,2,4
331,2012,Summer,Great Britain,London,10568,204,302,Singapore,0,0,2,2
332,2012,Summer,Great Britain,London,10568,204,302,Slovakia,0,1,3,4
333,2012,Summer,Great Britain,London,10568,204,302,Slovenia,1,1,2,4
334,2012,Summer,Great Britain,London,10568,204,302,South Africa,4,1,1,6
335,2012,Summer,Great Britain,London,10568,204,302,Spain,4,10,6,20
336,2012,Summer,Great Britain,London,10568,204,302,Sweden,1,4,3,8
337,2012,Summer,Great Britain,London,10568,204,302,Switzerland,2,2,0,4
338,2012,Summer,Great Britain,London,10568,204,302,Tajikistan,0,0,1,1
339,2012,Summer,Great Britain,London,10568,204,302,Thailand,0,2,2,4
340,2012,Summer,Great Britain,London,10568,204,302,Trinidad and Tobago,1,1,2,4
341,2012,Summer,Great Britain,London,10568,204,302,Tunisia,2,0,1,3
342,2012,Summer,Great Britain,London,10568,204,302,Turkey,1,1,1,3
343,2012,Summer,Great Britain,London,10568,204,302,Uganda,1,0,0,1
344,2012,Summer,Great Britain,London,10568,204,302,Ukraine,5,4,10,19
345,2012,Summer,Great Britain,London,10568,204,302,United Kingdom,29,18,18,65
346,2012,Summer,Great Britain,London,10568,204,302,United States of America,48,26,30,104
347,2012,Summer,Great Britain,London,10568,204,302,Uzbekistan,0,0,3,3
348,2012,Summer,Great Britain,London,10568,204,302,Venezuela,1,0,0,1
349,2012,Summer,Great Britain,London,10568,204,302,Vietnam,0,0,1,1
376,2008,Summer,China,Beijing,10942,204,302,Afghanistan,0,0,1,1
377,2008,Summer,China,Beijing,10942,204,302,Algeria,0,1,1,2
378,2008,Summer,China,Beijing,10942,204,302,Argentina,2,0,4,6
379,2008,Summer,China,Beijing,10942,204,302,Armenia,0,1,4,5
380,2008,Summer,China,Beijing,10942,204,302,Australia,14,15,17,46
381,2008,Summer,China,Beijing,10942,204,302,Austria,0,1,2,3
382,2008,Summer,China,Beijing,10942,204,302,Azerbaijan,1,1,4,6
383,2008,Summer,China,Beijing,10942,204,302,Bahamas,0,1,1,2
384,2008,Summer,China,Beijing,10942,204,302,Belarus,3,4,7,14
385,2008,Summer,China,Beijing,10942,204,302,Belgium,2,0,0,2
386,2008,Summer,China,Beijing,10942,204,302,Brazil,3,4,10,17
387,2008,Summer,China,Beijing,10942,204,302,Bulgaria,1,1,3,5
388,2008,Summer,China,Beijing,10942,204,302,Cameroon,1,0,0,1
389,2008,Summer,China,Beijing,10942,204,302,Canada,3,9,8,20
390,2008,Summer,China,Beijing,10942,204,302,Chile,0,1,0,1
391,2008,Summer,China,Beijing,10942,204,302,Chinese Taipei,1,1,2,4
392,2008,Summer,China,Beijing,10942,204,302,Colombia,0,2,1,3
393,2008,Summer,China,Beijing,10942,204,302,Croatia,0,2,3,5
394,2008,Summer,China,Beijing,10942,204,302,Cuba,3,10,17,30
395,2008,Summer,China,Beijing,10942,204,302,Czechia,3,3,1,7
396,2008,Summer,China,Beijing,10942,204,302,Democratic People's Republic of Korea,2,2,2,6
397,2008,Summer,China,Beijing,10942,204,302,Denmark,2,2,3,7
398,2008,Summer,China,Beijing,10942,204,302,Dominican Republic,1,1,0,2
399,2008,Summer,China,Beijing,10942,204,302,Ecuador,0,1,0,1
400,2008,Summer,China,Beijing,10942,204,302,Egypt,0,0,2,2
401,2008,Summer,China,Beijing,10942,204,302,Estonia,1,1,0,2
402,2008,Summer,China,Beijing,10942,204,302,Ethiopia,4,2,1,7
403,2008,Summer,China,Beijing,10942,204,302,Finland,1,1,2,4
404,2008,Summer,China,Beijing,10942,204,302,France,7,16,20,43
405,2008,Summer,China,Beijing,10942,204,302,Georgia,3,2,2,7
406,2008,Summer,China,Beijing,10942,204,302,Germany,16,11,14,41
407,2008,Summer,China,Beijing,10942,204,302,Greece,0,2,1,3
408,2008,Summer,China,Beijing,10942,204,302,Hungary,3,5,2,10
409,2008,Summer,China,Beijing,10942,204,302,Iceland,0,1,0,1
410,2008,Summer,China,Beijing,10942,204,302,India,1,0,2,3
411,2008,Summer,China,Beijing,10942,204,302,Indonesia,1,1,4,6
412,2008,Summer,China,Beijing,10942,204,302,Ireland,0,1,2,3
413,2008,Summer,China,Beijing,10942,204,302,Islamic Republic of Iran,1,0,1,2
414,2008,Summer,China,Beijing,10942,204,302,Israel,0,0,1,1
415,2008,Summer,China,Beijing,10942,204,302,Italy,8,9,10,27
416,2008,Summer,China,Beijing,10942,204,302,Jamaica,5,4,2,11
417,2008,Summer,China,Beijing,10942,204,302,Japan,9,8,8,25
418,2008,Summer,China,Beijing,10942,204,302,Kazakhstan,2,3,4,9
419,2008,Summer,China,Beijing,10942,204,302,Kenya,6,4,6,16
420,2008,Summer,China,Beijing,10942,204,302,Kyrgyzstan,0,1,2,3
421,2008,Summer,China,Beijing,10942,204,302,Latvia,1,1,1,3
422,2008,Summer,China,Beijing,10942,204,302,Lithuania,0,3,2,5
423,2008,Summer,China,Beijing,10942,204,302,Malaysia,0,1,0,1
424,2008,Summer,China,Beijing,10942,204,302,Mauritius,0,0,1,1
425,2008,Summer,China,Beijing,10942,204,302,Mexico,2,0,2,4
426,2008,Summer,China,Beijing,10942,204,302,Moldova,0,0,1,1
427,2008,Summer,China,Beijing,10942,204,302,Mongolia,2,2,0,4
428,2008,Summer,China,Beijing,10942,204,302,Morocco,0,1,1,2
429,2008,Summer,China,Beijing,10942,204,302,Netherlands,7,5,4,16
430,2008,Summer,China,Beijing,10942,204,302,New Zealand,3,2,4,9
431,2008,Summer,China,Beijing,10942,204,302,Nigeria,0,3,2,5
432,2008,Summer,China,Beijing,10942,204,302,Norway,3,5,1,9
433,2008,Summer,China,Beijing,10942,204,302,Panama,1,0,0,1
434,2008,Summer,China,Beijing,10942,204,302,People's Republic of China,48,22,30,100
435,2008,Summer,China,Beijing,10942,204,302,Poland,4,5,2,11
436,2008,Summer,China,Beijing,10942,204,302,Portugal,1,1,0,2
437,2008,Summer,China,Beijing,10942,204,302,Republic of Korea,13,11,8,32
438,2008,Summer,China,Beijing,10942,204,302,Romania,4,1,4,9
439,2008,Summer,China,Beijing,10942,204,302,Russian Federation,24,13,23,60
440,2008,Summer,China,Beijing,10942,204,302,Samoa,0,1,0,1
441,2008,Summer,China,Beijing,10942,204,302,Serbia,0,1,2,3
442,2008,Summer,China,Beijing,10942,204,302,Singapore,0,1,0,1
443,2008,Summer,China,Beijing,10942,204,302,Slovakia,3,3,0,6
444,2008,Summer,China,Beijing,10942,204,302,Slovenia,1,2,2,5
445,2008,Summer,China,Beijing,10942,204,302,South Africa,0,1,0,1
446,2008,Summer,China,Beijing,10942,204,302,Spain,5,11,3,19
447,2008,Summer,China,Beijing,10942,204,302,Sudan,0,1,0,1
448,2008,Summer,China,Beijing,10942,204,302,Sweden,0,4,1,5
449,2008,Summer,China,Beijing,10942,204,302,Switzerland,2,1,4,7
450,2008,Summer,China,Beijing,10942,204,302,Tajikistan,0,1,1,2
451,2008,Summer,China,Beijing,10942,204,302,Thailand,2,2,2,6
452,2008,Summer,China,Beijing,10942,204,302,Togo,0,0,1,1
453,2008,Summer,China,Beijing,10942,204,302,Trinidad and Tobago,1,1,0,2
454,2008,Summer,China,Beijing,10942,204,302,Tunisia,1,0,0,1
455,2008,Summer,China,Beijing,10942,204,302,Turkey,1,1,3,5
456,2008,Summer,China,Beijing,10942,204,302,Ukraine,7,4,11,22
457,2008,Summer,China,Beijing,10942,204,302,United Kingdom,19,13,19,51
458,2008,Summer,China,Beijing,10942,204,302,United States of America,36,39,37,112
459,2008,Summer,China,Beijing,10942,204,302,Uzbekistan,0,1,3,4
460,2008,Summer,China,Beijing,10942,204,302,Venezuela,0,0,1,1
461,2008,Summer,China,Beijing,10942,204,302,Vietnam,0,1,0,1
462,2008,Summer,China,Beijing,10942,204,302,Zimbabwe,1,3,0,4
489,2004,Summer,Greece,Athens,10625,201,301,Argentina,2,0,4,6
490,2004,Summer,Greece,Athens,10625,201,301,Australia,17,16,17,50
491,2004,Summer,Greece,Athens,10625,201,301,Austria,2,4,1,7
492,2004,Summer,Greece,Athens,10625,201,301,Azerbaijan,1,0,4,5
493,2004,Summer,Greece,Athens,10625,201,301,Bahamas,1,0,1,2
494,2004,Summer,Greece,Athens,10625,201,301,Belarus,2,5,6,13
495,2004,Summer,Greece,Athens,10625,201,301,Belgium,1,0,2,3
496,2004,Summer,Greece,Athens,10625,201,301,Brazil,5,2,3,10
497,2004,Summer,Greece,Athens,10625,201,301,Bulgaria,2,1,9,12
498,2004,Summer,Greece,Athens,10625,201,301,Cameroon,1,0,0,1
499,2004,Summer,Greece,Athens,10625,201,301,Canada,3,6,3,12
500,2004,Summer,Greece,Athens,10625,201,301,Chile,2,0,1,3
501,2004,Summer,Greece,Athens,10625,201,301,Chinese Taipei,2,2,1,5
502,2004,Summer,Greece,Athens,10625,201,301,Colombia,0,0,2,2
503,2004,Summer,Greece,Athens,10625,201,301,Croatia,1,2,2,5
504,2004,Summer,Greece,Athens,10625,201,301,Cuba,9,7,11,27
505,2004,Summer,Greece,Athens,10625,201,301,Czechia,1,3,5,9
506,2004,Summer,Greece,Athens,10625,201,301,Democratic People's Republic of Korea,0,4,1,5
507,2004,Summer,Greece,Athens,10625,201,301,Denmark,2,1,5,8
508,2004,Summer,Greece,Athens,10625,201,301,Dominican Republic,1,0,0,1
509,2004,Summer,Greece,Athens,10625,201,301,Egypt,1,1,3,5
510,2004,Summer,Greece,Athens,10625,201,301,Eritrea,0,0,1,1
511,2004,Summer,Greece,Athens,10625,201,301,Estonia,0,1,2,3
512,2004,Summer,Greece,Athens,10625,201,301,Ethiopia,2,3,2,7
513,2004,Summer,Greece,Athens,10625,201,301,Finland,0,2,0,2
514,2004,Summer,Greece,Athens,10625,201,301,France,11,9,13,33
515,2004,Summer,Greece,Athens,10625,201,301,Georgia,2,2,0,4
516,2004,Summer,Greece,Athens,10625,201,301,Germany,13,16,20,49
517,2004,Summer,Greece,Athens,10625,201,301,Greece,6,6,4,16
518,2004,Summer,Greece,Athens,10625,201,301,"Hong Kong, China",0,1,0,1
519,2004,Summer,Greece,Athens,10625,201,301,Hungary,8,6,3,17
520,2004,Summer,Greece,Athens,10625,201,301,India,0,1,0,1
521,2004,Summer,Greece,Athens,10625,201,301,Indonesia,1,1,2,4
522,2004,Summer,Greece,Athens,10625,201,301,Islamic Republic of Iran,2,2,2,6
523,2004,Summer,Greece,Athens,10625,201,301,Israel,1,0,1,2
524,2004,Summer,Greece,Athens,10625,201,301,Italy,10,11,11,32
525,2004,Summer,Greece,Athens,10625,201,301,Jamaica,2,1,2,5
526,2004,Summer,Greece,Athens,10625,201,301,Japan,16,9,12,37
527,2004,Summer,Greece,Athens,10625,201,301,Kazakhstan,1,4,3,8
528,2004,Summer,Greece,Athens,10625,201,301,Kenya,1,4,2,7
529,2004,Summer,Greece,Athens,10625,201,301,Latvia,0,4,0,4
530,2004,Summer,Greece,Athens,10625,201,301,Lithuania,1,2,0,3
531,2004,Summer,Greece,Athens,10625,201,301,Mexico,0,3,1,4
532,2004,Summer,Greece,Athens,10625,201,301,Mongolia,0,0,1,1
533,2004,Summer,Greece,Athens,10625,201,301,Morocco,2,1,0,3
534,2004,Summer,Greece,Athens,10625,201,301,Netherlands,4,9,9,22
535,2004,Summer,Greece,Athens,10625,201,301,New Zealand,3,2,0,5
536,2004,Summer,Greece,Athens,10625,201,301,Nigeria,0,0,2,2
537,2004,Summer,Greece,Athens,10625,201,301,Norway,5,0,1,6
538,2004,Summer,Greece,Athens,10625,201,301,Paraguay,0,1,0,1
539,2004,Summer,Greece,Athens,10625,201,301,People's Republic of China,32,17,14,63
540,2004,Summer,Greece,Athens,10625,201,301,Poland,3,2,5,10
541,2004,Summer,Greece,Athens,10625,201,301,Portugal,0,2,1,3
542,2004,Summer,Greece,Athens,10625,201,301,Republic of Korea,9,12,9,30
543,2004,Summer,Greece,Athens,10625,201,301,Romania,8,5,6,19
544,2004,Summer,Greece,Athens,10625,201,301,Russian Federation,28,26,36,90
545,2004,Summer,Greece,Athens,10625,201,301,Serbia and Montenegro,0,2,0,2
546,2004,Summer,Greece,Athens,10625,201,301,Slovakia,2,2,2,6
547,2004,Summer,Greece,Athens,10625,201,301,Slovenia,0,1,3,4
548,2004,Summer,Greece,Athens,10625,201,301,South Africa,1,3,2,6
549,2004,Summer,Greece,Athens,10625,201,301,Spain,3,11,6,20
550,2004,Summer,Greece,Athens,10625,201,301,Sweden,4,2,1,7
551,2004,Summer,Greece,Athens,10625,201,301,Switzerland,1,1,3,5
552,2004,Summer,Greece,Athens,10625,201,301,Syrian Arab Republic,0,0,1,1
553,2004,Summer,Greece,Athens,10625,201,301,Thailand,3,1,4,8
554,2004,Summer,Greece,Athens,10625,201,301,Trinidad and Tobago,0,0,1,1
555,2004,Summer,Greece,Athens,10625,201,301,Turkey,3,3,4,10
556,2004,Summer,Greece,Athens,10625,201,301,Ukraine,8,5,9,22
557,2004,Summer,Greece,Athens,10625,201,301,United Arab Emirates,1,0,0,1
558,2004,Summer,Greece,Athens,10625,201,301,United Kingdom,9,9,12,30
559,2004,Summer,Greece,Athens,10625,201,301,United States of America,36,39,26,101
560,2004,Summer,Greece,Athens,10625,201,301,Uzbekistan,2,1,2,5
561,2004,Summer,Greece,Athens,10625,201,301,Venezuela,0,0,2,2
562,2004,Summer,Greece,Athens,10625,201,301,Zimbabwe,1,1,1,3
587,2000,Summer,Australia,Sydney,10651,199,300,Algeria,1,1,3,5
588,2000,Summer,Australia,Sydney,10651,199,300,Argentina,0,2,2,4
589,2000,Summer,Australia,Sydney,10651,199,300,Armenia,0,0,1,1
590,2000,Summer,Australia,Sydney,10651,199,300,Australia,16,25,17,58
591,2000,Summer,Australia,Sydney,10651,199,300,Austria,2,1,0,3
592,2000,Summer,Australia,Sydney,10651,199,300,Azerbaijan,2,0,1,3
593,2000,Summer,Australia,Sydney,10651,199,300,Bahamas,2,0,1,3
594,2000,Summer,Australia,Sydney,10651,199,300,Barbados,0,0,1,1
595,2000,Summer,Australia,Sydney,10651,199,300,Belarus,3,3,11,17
596,2000,Summer,Australia,Sydney,10651,199,300,Belgium,0,2,3,5
597,2000,Summer,Australia,Sydney,10651,199,300,Brazil,0,6,6,12
598,2000,Summer,Australia,Sydney,10651,199,300,Bulgaria,5,6,2,13
599,2000,Summer,Australia,Sydney,10651,199,300,Cameroon,1,0,0,1
600,2000,Summer,Australia,Sydney,10651,199,300,Canada,3,3,8,14
601,2000,Summer,Australia,Sydney,10651,199,300,Chile,0,0,1,1
602,2000,Summer,Australia,Sydney,10651,199,300,Chinese Taipei,0,1,4,5
603,2000,Summer,Australia,Sydney,10651,199,300,Colombia,1,0,0,1
604,2000,Summer,Australia,Sydney,10651,199,300,Costa Rica,0,0,2,2
605,2000,Summer,Australia,Sydney,10651,199,300,Croatia,1,0,1,2
606,2000,Summer,Australia,Sydney,10651,199,300,Cuba,11,11,7,29
607,2000,Summer,Australia,Sydney,10651,199,300,Czechia,2,3,3,8
608,2000,Summer,Australia,Sydney,10651,199,300,Democratic People's Republic of Korea,0,1,3,4
609,2000,Summer,Australia,Sydney,10651,199,300,Denmark,2,3,1,6
610,2000,Summer,Australia,Sydney,10651,199,300,Estonia,1,0,2,3
611,2000,Summer,Australia,Sydney,10651,199,300,Ethiopia,4,1,3,8
612,2000,Summer,Australia,Sydney,10651,199,300,Finland,2,1,1,4
613,2000,Summer,Australia,Sydney,10651,199,300,France,13,14,11,38
614,2000,Summer,Australia,Sydney,10651,199,300,Georgia,0,0,6,6
615,2000,Summer,Australia,Sydney,10651,199,300,Germany,13,17,26,56
616,2000,Summer,Australia,Sydney,10651,199,300,Greece,4,6,3,13
617,2000,Summer,Australia,Sydney,10651,199,300,Hungary,8,6,3,17
618,2000,Summer,Australia,Sydney,10651,199,300,Iceland,0,0,1,1
619,2000,Summer,Australia,Sydney,10651,199,300,India,0,0,1,1
620,2000,Summer,Australia,Sydney,10651,199,300,Indonesia,1,3,2,6
621,2000,Summer,Australia,Sydney,10651,199,300,Ireland,0,1,0,1
622,2000,Summer,Australia,Sydney,10651,199,300,Islamic Republic of Iran,3,0,1,4
623,2000,Summer,Australia,Sydney,10651,199,300,Israel,0,0,1,1
624,2000,Summer,Australia,Sydney,10651,199,300,Italy,13,8,13,34
625,2000,Summer,Australia,Sydney,10651,199,300,Jamaica,0,6,3,9
626,2000,Summer,Australia,Sydney,10651,199,300,Japan,5,8,5,18
627,2000,Summer,Australia,Sydney,10651,199,300,Kazakhstan,3,4,0,7
628,2000,Summer,Australia,Sydney,10651,199,300,Kenya,2,3,2,7
629,2000,Summer,Australia,Sydney,10651,199,300,Kuwait,0,0,1,1
630,2000,Summer,Australia,Sydney,10651,199,300,Kyrgyzstan,0,0,1,1
631,2000,Summer,Australia,Sydney,10651,199,300,Latvia,1,1,1,3
632,2000,Summer,Australia,Sydney,10651,199,300,Lithuania,2,0,3,5
633,2000,Summer,Australia,Sydney,10651,199,300,Mexico,1,2,3,6
634,2000,Summer,Australia,Sydney,10651,199,300,Moldova,0,1,1,2
635,2000,Summer,Australia,Sydney,10651,199,300,Morocco,0,1,4,5
636,2000,Summer,Australia,Sydney,10651,199,300,Mozambique,1,0,0,1
637,2000,Summer,Australia,Sydney,10651,199,300,Netherlands,12,9,4,25
638,2000,Summer,Australia,Sydney,10651,199,300,New Zealand,1,0,3,4
639,2000,Summer,Australia,Sydney,10651,199,300,Nigeria,1,2,0,3
640,2000,Summer,Australia,Sydney,10651,199,300,North Macedonia,0,0,1,1
641,2000,Summer,Australia,Sydney,10651,199,300,Norway,4,3,3,10
642,2000,Summer,Australia,Sydney,10651,199,300,People's Republic of China,28,16,14,58
643,2000,Summer,Australia,Sydney,10651,199,300,Poland,6,5,3,14
644,2000,Summer,Australia,Sydney,10651,199,300,Portugal,0,0,2,2
645,2000,Summer,Australia,Sydney,10651,199,300,Qatar,0,0,1,1
646,2000,Summer,Australia,Sydney,10651,199,300,Republic of Korea,8,10,10,28
647,2000,Summer,Australia,Sydney,10651,199,300,Romania,11,6,9,26
648,2000,Summer,Australia,Sydney,10651,199,300,Russian Federation,32,28,29,89
649,2000,Summer,Australia,Sydney,10651,199,300,Saudi Arabia,0,1,1,2
650,2000,Summer,Australia,Sydney,10651,199,300,Serbia and Montenegro,1,1,1,3
651,2000,Summer,Australia,Sydney,10651,199,300,Slovakia,1,3,1,5
652,2000,Summer,Australia,Sydney,10651,199,300,Slovenia,2,0,0,2
653,2000,Summer,Australia,Sydney,10651,199,300,South Africa,0,2,3,5
654,2000,Summer,Australia,Sydney,10651,199,300,Spain,3,3,5,11
655,2000,Summer,Australia,Sydney,10651,199,300,Sri Lanka,0,1,0,1
656,2000,Summer,Australia,Sydney,10651,199,300,Sweden,4,5,3,12
657,2000,Summer,Australia,Sydney,10651,199,300,Switzerland,1,6,2,9
658,2000,Summer,Australia,Sydney,10651,199,300,Thailand,1,0,2,3
659,2000,Summer,Australia,Sydney,10651,199,300,Trinidad and Tobago,0,1,1,2
660,2000,Summer,Australia,Sydney,10651,199,300,Turkey,3,0,2,5
661,2000,Summer,Australia,Sydney,10651,199,300,Ukraine,3,10,10,23
662,2000,Summer,Australia,Sydney,10651,199,300,United Kingdom,11,10,7,28
663,2000,Summer,Australia,Sydney,10651,199,300,United States of America,37,24,32,93
664,2000,Summer,Australia,Sydney,10651,199,300,Uruguay,0,1,0,1
665,2000,Summer,Australia,Sydney,10651,199,300,Uzbekistan,1,1,2,4
666,2000,Summer,Australia,Sydney,10651,199,300,Vietnam,0,1,0,1
691,1996,Summer,United States,Atlanta,10318,197,271,Algeria,2,0,1,3
692,1996,Summer,United States,Atlanta,10318,197,271,Argentina,0,2,1,3
693,1996,Summer,United States,Atlanta,10318,197,271,Armenia,1,1,0,2
694,1996,Summer,United States,Atlanta,10318,197,271,Australia,9,9,23,41
695,1996,Summer,United States,Atlanta,10318,197,271,Austria,0,1,2,3
696,1996,Summer,United States,Atlanta,10318,197,271,Azerbaijan,0,1,0,1
697,1996,Summer,United States,Atlanta,10318,197,271,Bahamas,0,1,0,1
698,1996,Summer,United States,Atlanta,10318,197,271,Belarus,1,6,8,15
699,1996,Summer,United States,Atlanta,10318,197,271,Belgium,2,2,2,6
700,1996,Summer,United States,Atlanta,10318,197,271,Brazil,3,3,9,15
701,1996,Summer,United States,Atlanta,10318,197,271,Bulgaria,3,7,5,15
702,1996,Summer,United States,Atlanta,10318,197,271,Burundi,1,0,0,1
703,1996,Summer,United States,Atlanta,10318,197,271,Canada,3,11,8,22
704,1996,Summer,United States,Atlanta,10318,197,271,Chinese Taipei,0,1,0,1
705,1996,Summer,United States,Atlanta,10318,197,271,Costa Rica,1,0,0,1
706,1996,Summer,United States,Atlanta,10318,197,271,Croatia,1,1,0,2
707,1996,Summer,United States,Atlanta,10318,197,271,Cuba,9,8,8,25
708,1996,Summer,United States,Atlanta,10318,197,271,Czechia,4,3,4,11
709,1996,Summer,United States,Atlanta,10318,197,271,Democratic People's Republic of Korea,2,1,2,5
710,1996,Summer,United States,Atlanta,10318,197,271,Denmark,4,1,1,6
711,1996,Summer,United States,Atlanta,10318,197,271,Ecuador,1,0,0,1
712,1996,Summer,United States,Atlanta,10318,197,271,Ethiopia,2,0,1,3
713,1996,Summer,United States,Atlanta,10318,197,271,Finland,1,2,1,4
714,1996,Summer,United States,Atlanta,10318,197,271,France,15,7,15,37
715,1996,Summer,United States,Atlanta,10318,197,271,Georgia,0,0,2,2
716,1996,Summer,United States,Atlanta,10318,197,271,Germany,20,18,27,65
717,1996,Summer,United States,Atlanta,10318,197,271,Greece,4,4,0,8
718,1996,Summer,United States,Atlanta,10318,197,271,"Hong Kong, China",1,0,0,1
719,1996,Summer,United States,Atlanta,10318,197,271,Hungary,7,4,10,21
720,1996,Summer,United States,Atlanta,10318,197,271,India,0,0,1,1
721,1996,Summer,United States,Atlanta,10318,197,271,Indonesia,1,1,2,4
722,1996,Summer,United States,Atlanta,10318,197,271,Ireland,3,0,1,4
723,1996,Summer,United States,Atlanta,10318,197,271,Islamic Republic of Iran,1,1,1,3
724,1996,Summer,United States,Atlanta,10318,197,271,Israel,0,0,1,1
725,1996,Summer,United States,Atlanta,10318,197,271,Italy,13,10,12,35
726,1996,Summer,United States,Atlanta,10318,197,271,Jamaica,1,3,2,6
727,1996,Summer,United States,Atlanta,10318,197,271,Japan,3,6,5,14
728,1996,Summer,United States,Atlanta,10318,197,271,Kazakhstan,3,4,4,11
729,1996,Summer,United States,Atlanta,10318,197,271,Kenya,1,4,3,8
730,1996,Summer,United States,Atlanta,10318,197,271,Latvia,0,1,0,1
731,1996,Summer,United States,Atlanta,10318,197,271,Lithuania,0,0,1,1
732,1996,Summer,United States,Atlanta,10318,197,271,Malaysia,0,1,1,2
733,1996,Summer,United States,Atlanta,10318,197,271,Mexico,0,0,1,1
734,1996,Summer,United States,Atlanta,10318,197,271,Moldova,0,1,1,2
735,1996,Summer,United States,Atlanta,10318,197,271,Mongolia,0,0,1,1
736,1996,Summer,United States,Atlanta,10318,197,271,Morocco,0,0,2,2
737,1996,Summer,United States,Atlanta,10318,197,271,Mozambique,0,0,1,1
738,1996,Summer,United States,Atlanta,10318,197,271,Namibia,0,2,0,2
739,1996,Summer,United States,Atlanta,10318,197,271,Netherlands,4,5,10,19
740,1996,Summer,United States,Atlanta,10318,197,271,New Zealand,3,2,1,6
741,1996,Summer,United States,Atlanta,10318,197,271,Nigeria,2,1,3,6
742,1996,Summer,United States,Atlanta,10318,197,271,Norway,2,2,3,7
743,1996,Summer,United States,Atlanta,10318,197,271,People's Republic of China,16,22,12,50
744,1996,Summer,United States,Atlanta,10318,197,271,Philippines,0,1,0,1
745,1996,Summer,United States,Atlanta,10318,197,271,Poland,7,5,5,17
746,1996,Summer,United States,Atlanta,10318,197,271,Portugal,1,0,1,2
747,1996,Summer,United States,Atlanta,10318,197,271,Puerto Rico,0,0,1,1
748,1996,Summer,United States,Atlanta,10318,197,271,Republic of Korea,7,15,5,27
749,1996,Summer,United States,Atlanta,10318,197,271,Romania,4,7,9,20
750,1996,Summer,United States,Atlanta,10318,197,271,Russian Federation,26,21,16,63
751,1996,Summer,United States,Atlanta,10318,197,271,Serbia and Montenegro,1,1,2,4
752,1996,Summer,United States,Atlanta,10318,197,271,Slovakia,1,1,1,3
753,1996,Summer,United States,Atlanta,10318,197,271,Slovenia,0,2,0,2
754,1996,Summer,United States,Atlanta,10318,197,271,South Africa,3,1,1,5
755,1996,Summer,United States,Atlanta,10318,197,271,Spain,5,6,6,17
756,1996,Summer,United States,Atlanta,10318,197,271,Sweden,2,4,2,8
757,1996,Summer,United States,Atlanta,10318,197,271,Switzerland,4,3,0,7
758,1996,Summer,United States,Atlanta,10318,197,271,Syrian Arab Republic,1,0,0,1
759,1996,Summer,United States,Atlanta,10318,197,271,Thailand,1,0,1,2
760,1996,Summer,United States,Atlanta,10318,197,271,Tonga,0,1,0,1
761,1996,Summer,United States,Atlanta,10318,197,271,Trinidad and Tobago,0,0,2,2
762,1996,Summer,United States,Atlanta,10318,197,271,Tunisia,0,0,1,1
763,1996,Summer,United States,Atlanta,10318,197,271,Turkey,4,1,1,6
764,1996,Summer,United States,Atlanta,10318,197,271,Uganda,0,0,1,1
765,1996,Summer,United States,Atlanta,10318,197,271,Ukraine,9,2,12,23
766,1996,Summer,United States,Atlanta,10318,197,271,United Kingdom,1,8,6,15
767,1996,Summer,United States,Atlanta,10318,197,271,United States of America,44,32,25,101
768,1996,Summer,United States,Atlanta,10318,197,271,Uzbekistan,0,1,1,2
769,1996,Summer,United States,Atlanta,10318,197,271,Zambia,0,1,0,1
792,1992,Summer,Spain,Barcelona,9356,169,257,Algeria,1,0,1,2
793,1992,Summer,Spain,Barcelona,9356,169,257,Argentina,0,0,1,1
794,1992,Summer,Spain,Barcelona,9356,169,257,Australia,7,9,11,27
795,1992,Summer,Spain,Barcelona,9356,169,257,Austria,0,2,0,2
796,1992,Summer,Spain,Barcelona,9356,169,257,Bahamas,0,0,1,1
797,1992,Summer,Spain,Barcelona,9356,169,257,Belgium,0,1,2,3
798,1992,Summer,Spain,Barcelona,9356,169,257,Brazil,2,1,0,3
799,1992,Summer,Spain,Barcelona,9356,169,257,Bulgaria,3,7,6,16
800,1992,Summer,Spain,Barcelona,9356,169,257,Canada,7,4,7,18
801,1992,Summer,Spain,Barcelona,9356,169,257,Chinese Taipei,0,1,0,1
802,1992,Summer,Spain,Barcelona,9356,169,257,Colombia,0,0,1,1
803,1992,Summer,Spain,Barcelona,9356,169,257,Croatia,0,1,2,3
804,1992,Summer,Spain,Barcelona,9356,169,257,Cuba,14,6,11,31
805,1992,Summer,Spain,Barcelona,9356,169,257,Czechoslovakia,4,2,1,7
806,1992,Summer,Spain,Barcelona,9356,169,257,Democratic People's Republic of Korea,4,0,5,9
807,1992,Summer,Spain,Barcelona,9356,169,257,Denmark,1,1,4,6
808,1992,Summer,Spain,Barcelona,9356,169,257,Estonia,1,0,1,2
809,1992,Summer,Spain,Barcelona,9356,169,257,Ethiopia,1,0,2,3
810,1992,Summer,Spain,Barcelona,9356,169,257,Finland,1,2,2,5
811,1992,Summer,Spain,Barcelona,9356,169,257,France,8,5,16,29
812,1992,Summer,Spain,Barcelona,9356,169,257,Germany,33,21,28,82
813,1992,Summer,Spain,Barcelona,9356,169,257,Ghana,0,0,1,1
814,1992,Summer,Spain,Barcelona,9356,169,257,Greece,2,0,0,2
815,1992,Summer,Spain,Barcelona,9356,169,257,Hungary,11,12,7,30
816,1992,Summer,Spain,Barcelona,9356,169,257,Independent Olympic Athletes,0,1,2,3
817,1992,Summer,Spain,Barcelona,9356,169,257,Indonesia,2,2,1,5
818,1992,Summer,Spain,Barcelona,9356,169,257,Ireland,1,1,0,2
819,1992,Summer,Spain,Barcelona,9356,169,257,Islamic Republic of Iran,0,1,2,3
820,1992,Summer,Spain,Barcelona,9356,169,257,Israel,0,1,1,2
821,1992,Summer,Spain,Barcelona,9356,169,257,Italy,6,5,8,19
822,1992,Summer,Spain,Barcelona,9356,169,257,Jamaica,0,3,1,4
823,1992,Summer,Spain,Barcelona,9356,169,257,Japan,3,8,11,22
824,1992,Summer,Spain,Barcelona,9356,169,257,Kenya,2,4,2,8
825,1992,Summer,Spain,Barcelona,9356,169,257,Latvia,0,2,1,3
826,1992,Summer,Spain,Barcelona,9356,169,257,Lithuania,1,0,1,2
827,1992,Summer,Spain,Barcelona,9356,169,257,Malaysia,0,0,1,1
828,1992,Summer,Spain,Barcelona,9356,169,257,Mexico,0,1,0,1
829,1992,Summer,Spain,Barcelona,9356,169,257,Mongolia,0,0,2,2
830,1992,Summer,Spain,Barcelona,9356,169,257,Morocco,1,1,1,3
831,1992,Summer,Spain,Barcelona,9356,169,257,Namibia,0,2,0,2
832,1992,Summer,Spain,Barcelona,9356,169,257,Netherlands,2,6,7,15
833,1992,Summer,Spain,Barcelona,9356,169,257,New Zealand,1,4,5,10
834,1992,Summer,Spain,Barcelona,9356,169,257,Nigeria,0,3,1,4
835,1992,Summer,Spain,Barcelona,9356,169,257,Norway,2,4,1,7
836,1992,Summer,Spain,Barcelona,9356,169,257,Pakistan,0,0,1,1
837,1992,Summer,Spain,Barcelona,9356,169,257,People's Republic of China,16,22,16,54
838,1992,Summer,Spain,Barcelona,9356,169,257,Peru,0,1,0,1
839,1992,Summer,Spain,Barcelona,9356,169,257,Philippines,0,0,1,1
840,1992,Summer,Spain,Barcelona,9356,169,257,Poland,3,6,10,19
841,1992,Summer,Spain,Barcelona,9356,169,257,Puerto Rico,0,0,1,1
842,1992,Summer,Spain,Barcelona,9356,169,257,Qatar,0,0,1,1
843,1992,Summer,Spain,Barcelona,9356,169,257,Republic of Korea,12,5,12,29
844,1992,Summer,Spain,Barcelona,9356,169,257,Romania,4,6,8,18
845,1992,Summer,Spain,Barcelona,9356,169,257,Slovenia,0,0,2,2
846,1992,Summer,Spain,Barcelona,9356,169,257,South Africa,0,2,0,2
847,1992,Summer,Spain,Barcelona,9356,169,257,Spain,13,7,2,22
848,1992,Summer,Spain,Barcelona,9356,169,257,Suriname,0,0,1,1
849,1992,Summer,Spain,Barcelona,9356,169,257,Sweden,1,7,4,12
850,1992,Summer,Spain,Barcelona,9356,169,257,Switzerland,1,0,0,1
851,1992,Summer,Spain,Barcelona,9356,169,257,Thailand,0,0,1,1
852,1992,Summer,Spain,Barcelona,9356,169,257,Turkey,2,2,2,6
853,1992,Summer,Spain,Barcelona,9356,169,257,Unified Team,45,38,29,112
854,1992,Summer,Spain,Barcelona,9356,169,257,United Kingdom,5,3,12,20
855,1992,Summer,Spain,Barcelona,9356,169,257,United States of America,37,34,37,108
876,1988,Summer,Republic of Korea,Seoul,8397,159,237,Argentina,0,1,1,2
877,1988,Summer,Republic of Korea,Seoul,8397,159,237,Australia,3,6,5,14
878,1988,Summer,Republic of Korea,Seoul,8397,159,237,Austria,1,0,0,1
879,1988,Summer,Republic of Korea,Seoul,8397,159,237,Belgium,0,0,2,2
880,1988,Summer,Republic of Korea,Seoul,8397,159,237,Brazil,1,2,3,6
881,1988,Summer,Republic of Korea,Seoul,8397,159,237,Bulgaria,10,12,13,35
882,1988,Summer,Republic of Korea,Seoul,8397,159,237,Canada,3,2,5,10
883,1988,Summer,Republic of Korea,Seoul,8397,159,237,Chile,0,1,0,1
884,1988,Summer,Republic of Korea,Seoul,8397,159,237,Colombia,0,0,1,1
885,1988,Summer,Republic of Korea,Seoul,8397,159,237,Costa Rica,0,1,0,1
886,1988,Summer,Republic of Korea,Seoul,8397,159,237,Czechoslovakia,3,3,2,8
887,1988,Summer,Republic of Korea,Seoul,8397,159,237,Denmark,2,1,1,4
888,1988,Summer,Republic of Korea,Seoul,8397,159,237,Djibouti,0,0,1,1
889,1988,Summer,Republic of Korea,Seoul,8397,159,237,Federal Republic of Germany,11,14,15,40
890,1988,Summer,Republic of Korea,Seoul,8397,159,237,Finland,1,1,2,4
891,1988,Summer,Republic of Korea,Seoul,8397,159,237,France,6,4,6,16
892,1988,Summer,Republic of Korea,Seoul,8397,159,237,German Democratic Republic (Germany),37,35,30,102
893,1988,Summer,Republic of Korea,Seoul,8397,159,237,Greece,0,0,1,1
894,1988,Summer,Republic of Korea,Seoul,8397,159,237,Hungary,11,6,6,23
895,1988,Summer,Republic of Korea,Seoul,8397,159,237,Indonesia,0,1,0,1
896,1988,Summer,Republic of Korea,Seoul,8397,159,237,Islamic Republic of Iran,0,1,0,1
897,1988,Summer,Republic of Korea,Seoul,8397,159,237,Italy,6,4,4,14
898,1988,Summer,Republic of Korea,Seoul,8397,159,237,Jamaica,0,2,0,2
899,1988,Summer,Republic of Korea,Seoul,8397,159,237,Japan,4,3,7,14
900,1988,Summer,Republic of Korea,Seoul,8397,159,237,Kenya,5,2,2,9
901,1988,Summer,Republic of Korea,Seoul,8397,159,237,Mexico,0,0,2,2
902,1988,Summer,Republic of Korea,Seoul,8397,159,237,Mongolia,0,0,1,1
903,1988,Summer,Republic of Korea,Seoul,8397,159,237,Morocco,1,0,2,3
904,1988,Summer,Republic of Korea,Seoul,8397,159,237,Netherlands,2,2,5,9
905,1988,Summer,Republic of Korea,Seoul,8397,159,237,Netherlands Antilles,0,1,0,1
906,1988,Summer,Republic of Korea,Seoul,8397,159,237,New Zealand,3,2,8,13
907,1988,Summer,Republic of Korea,Seoul,8397,159,237,Norway,2,3,0,5
908,1988,Summer,Republic of Korea,Seoul,8397,159,237,Pakistan,0,0,1,1
909,1988,Summer,Republic of Korea,Seoul,8397,159,237,People's Republic of China,5,11,12,28
910,1988,Summer,Republic of Korea,Seoul,8397,159,237,Peru,0,1,0,1
911,1988,Summer,Republic of Korea,Seoul,8397,159,237,Philippines,0,0,1,1
912,1988,Summer,Republic of Korea,Seoul,8397,159,237,Poland,2,5,9,16
913,1988,Summer,Republic of Korea,Seoul,8397,159,237,Portugal,1,0,0,1
914,1988,Summer,Republic of Korea,Seoul,8397,159,237,Republic of Korea,12,10,11,33
915,1988,Summer,Republic of Korea,Seoul,8397,159,237,Romania,7,11,6,24
916,1988,Summer,Republic of Korea,Seoul,8397,159,237,Senegal,0,1,0,1
917,1988,Summer,Republic of Korea,Seoul,8397,159,237,Spain,1,1,2,4
918,1988,Summer,Republic of Korea,Seoul,8397,159,237,Suriname,1,0,0,1
919,1988,Summer,Republic of Korea,Seoul,8397,159,237,Sweden,0,4,7,11
920,1988,Summer,Republic of Korea,Seoul,8397,159,237,Switzerland,0,2,2,4
921,1988,Summer,Republic of Korea,Seoul,8397,159,237,Thailand,0,0,1,1
922,1988,Summer,Republic of Korea,Seoul,8397,159,237,Turkey,1,1,0,2
923,1988,Summer,Republic of Korea,Seoul,8397,159,237,USSR,55,31,46,132
924,1988,Summer,Republic of Korea,Seoul,8397,159,237,United Kingdom,5,10,9,24
925,1988,Summer,Republic of Korea,Seoul,8397,159,237,United States of America,36,31,27,94
926,1988,Summer,Republic of Korea,Seoul,8397,159,237,"Virgin Islands, US",0,1,0,1
927,1988,Summer,Republic of Korea,Seoul,8397,159,237,Yugoslavia,3,4,5,12
945,1984,Summer,United States,Los Angeles,6829,140,221,Algeria,0,0,2,2
946,1984,Summer,United States,Los Angeles,6829,140,221,Australia,4,8,12,24
947,1984,Summer,United States,Los Angeles,6829,140,221,Austria,1,1,1,3
948,1984,Summer,United States,Los Angeles,6829,140,221,Belgium,1,1,2,4
949,1984,Summer,United States,Los Angeles,6829,140,221,Brazil,1,5,2,8
950,1984,Summer,United States,Los Angeles,6829,140,221,Cameroon,0,0,1,1
951,1984,Summer,United States,Los Angeles,6829,140,221,Canada,10,18,16,44
952,1984,Summer,United States,Los Angeles,6829,140,221,Chinese Taipei,0,0,1,1
953,1984,Summer,United States,Los Angeles,6829,140,221,Colombia,0,1,0,1
954,1984,Summer,United States,Los Angeles,6829,140,221,Côte d'Ivoire,0,1,0,1
955,1984,Summer,United States,Los Angeles,6829,140,221,Denmark,0,3,3,6
956,1984,Summer,United States,Los Angeles,6829,140,221,Dominican Republic,0,0,1,1
957,1984,Summer,United States,Los Angeles,6829,140,221,Egypt,0,1,0,1
958,1984,Summer,United States,Los Angeles,6829,140,221,Federal Republic of Germany,17,19,23,59
959,1984,Summer,United States,Los Angeles,6829,140,221,Finland,4,2,6,12
960,1984,Summer,United States,Los Angeles,6829,140,221,France,5,7,16,28
961,1984,Summer,United States,Los Angeles,6829,140,221,Greece,0,1,1,2
962,1984,Summer,United States,Los Angeles,6829,140,221,Iceland,0,0,1,1
963,1984,Summer,United States,Los Angeles,6829,140,221,Ireland,0,1,0,1
964,1984,Summer,United States,Los Angeles,6829,140,221,Italy,14,6,12,32
965,1984,Summer,United States,Los Angeles,6829,140,221,Jamaica,0,1,2,3
966,1984,Summer,United States,Los Angeles,6829,140,221,Japan,10,8,14,32
967,1984,Summer,United States,Los Angeles,6829,140,221,Kenya,1,0,2,3
968,1984,Summer,United States,Los Angeles,6829,140,221,Mexico,2,3,1,6
969,1984,Summer,United States,Los Angeles,6829,140,221,Morocco,2,0,0,2
970,1984,Summer,United States,Los Angeles,6829,140,221,Netherlands,5,2,6,13
971,1984,Summer,United States,Los Angeles,6829,140,221,New Zealand,8,1,2,11
972,1984,Summer,United States,Los Angeles,6829,140,221,Nigeria,0,1,1,2
973,1984,Summer,United States,Los Angeles,6829,140,221,Norway,0,1,2,3
974,1984,Summer,United States,Los Angeles,6829,140,221,Pakistan,1,0,0,1
975,1984,Summer,United States,Los Angeles,6829,140,221,People's Republic of China,15,8,9,32
976,1984,Summer,United States,Los Angeles,6829,140,221,Peru,0,1,0,1
977,1984,Summer,United States,Los Angeles,6829,140,221,Portugal,1,0,2,3
978,1984,Summer,United States,Los Angeles,6829,140,221,Puerto Rico,0,1,1,2
979,1984,Summer,United States,Los Angeles,6829,140,221,Republic of Korea,6,6,7,19
980,1984,Summer,United States,Los Angeles,6829,140,221,Romania,20,16,17,53
981,1984,Summer,United States,Los Angeles,6829,140,221,Spain,1,2,2,5
982,1984,Summer,United States,Los Angeles,6829,140,221,Sweden,2,11,6,19
983,1984,Summer,United States,Los Angeles,6829,140,221,Switzerland,0,4,4,8
984,1984,Summer,United States,Los Angeles,6829,140,221,Syrian Arab Republic,0,1,0,1
985,1984,Summer,United States,Los Angeles,6829,140,221,Thailand,0,1,0,1
986,1984,Summer,United States,Los Angeles,6829,140,221,Turkey,0,0,3,3
987,1984,Summer,United States,Los Angeles,6829,140,221,United Kingdom,5,11,21,37
988,1984,Summer,United States,Los Angeles,6829,140,221,United States of America,83,61,30,174
989,1984,Summer,United States,Los Angeles,6829,140,221,Venezuela,0,0,3,3
990,1984,Summer,United States,Los Angeles,6829,140,221,Yugoslavia,7,4,7,18
991,1984,Summer,United States,Los Angeles,6829,140,221,Zambia,0,0,1,1
1009,1980,Summer,USSR,Moscow,5179,80,203,Australia,2,2,5,9
1010,1980,Summer,USSR,Moscow,5179,80,203,Austria,1,2,1,4
1011,1980,Summer,USSR,Moscow,5179,80,203,Belgium,1,0,0,1
1012,1980,Summer,USSR,Moscow,5179,80,203,Brazil,2,0,2,4
1013,1980,Summer,USSR,Moscow,5179,80,203,Bulgaria,8,16,17,41
1014,1980,Summer,USSR,Moscow,5179,80,203,Cuba,8,7,5,20
1015,1980,Summer,USSR,Moscow,5179,80,203,Czechoslovakia,2,3,9,14
1016,1980,Summer,USSR,Moscow,5179,80,203,Democratic People's Republic of Korea,0,3,2,5
1017,1980,Summer,USSR,Moscow,5179,80,203,Denmark,2,1,2,5
1018,1980,Summer,USSR,Moscow,5179,80,203,Ethiopia,2,0,2,4
1019,1980,Summer,USSR,Moscow,5179,80,203,Finland,3,1,4,8
1020,1980,Summer,USSR,Moscow,5179,80,203,France,6,5,3,14
1021,1980,Summer,USSR,Moscow,5179,80,203,German Democratic Republic (Germany),47,37,42,126
1022,1980,Summer,USSR,Moscow,5179,80,203,Greece,1,0,2,3
1023,1980,Summer,USSR,Moscow,5179,80,203,Guyana,0,0,1,1
1024,1980,Summer,USSR,Moscow,5179,80,203,Hungary,7,10,15,32
1025,1980,Summer,USSR,Moscow,5179,80,203,India,1,0,0,1
1026,1980,Summer,USSR,Moscow,5179,80,203,Ireland,0,1,1,2
1027,1980,Summer,USSR,Moscow,5179,80,203,Italy,8,3,4,15
1028,1980,Summer,USSR,Moscow,5179,80,203,Jamaica,0,0,3,3
1029,1980,Summer,USSR,Moscow,5179,80,203,Lebanon,0,0,1,1
1030,1980,Summer,USSR,Moscow,5179,80,203,Mexico,0,1,3,4
1031,1980,Summer,USSR,Moscow,5179,80,203,Mongolia,0,2,2,4
1032,1980,Summer,USSR,Moscow,5179,80,203,Netherlands,0,1,2,3
1033,1980,Summer,USSR,Moscow,5179,80,203,Poland,3,14,15,32
1034,1980,Summer,USSR,Moscow,5179,80,203,Romania,6,6,13,25
1035,1980,Summer,USSR,Moscow,5179,80,203,Spain,1,3,2,6
1036,1980,Summer,USSR,Moscow,5179,80,203,Sweden,3,3,6,12
1037,1980,Summer,USSR,Moscow,5179,80,203,Switzerland,2,0,0,2
1038,1980,Summer,USSR,Moscow,5179,80,203,USSR,80,69,46,195
1039,1980,Summer,USSR,Moscow,5179,80,203,Uganda,0,1,0,1
1040,1980,Summer,USSR,Moscow,5179,80,203,United Kingdom,5,7,9,21
1041,1980,Summer,USSR,Moscow,5179,80,203,United Republic of Tanzania,0,2,0,2
1042,1980,Summer,USSR,Moscow,5179,80,203,Venezuela,0,1,0,1
1043,1980,Summer,USSR,Moscow,5179,80,203,Yugoslavia,2,3,4,9
1044,1980,Summer,USSR,Moscow,5179,80,203,Zimbabwe,1,0,0,1
1064,1976,Summer,Canada,Montreal,6084,92,198,Australia,0,1,4,5
1065,1976,Summer,Canada,Montreal,6084,92,198,Austria,0,0,1,1
1066,1976,Summer,Canada,Montreal,6084,92,198,Belgium,0,3,3,6
1067,1976,Summer,Canada,Montreal,6084,92,198,Bermuda,0,0,1,1
1068,1976,Summer,Canada,Montreal,6084,92,198,Brazil,0,0,2,2
1069,1976,Summer,Canada,Montreal,6084,92,198,Bulgaria,6,9,7,22
1070,1976,Summer,Canada,Montreal,6084,92,198,Canada,0,5,6,11
1071,1976,Summer,Canada,Montreal,6084,92,198,Cuba,6,4,3,13
1072,1976,Summer,Canada,Montreal,6084,92,198,Czechoslovakia,2,2,4,8
1073,1976,Summer,Canada,Montreal,6084,92,198,Democratic People's Republic of Korea,1,1,0,2
1074,1976,Summer,Canada,Montreal,6084,92,198,Denmark,1,0,2,3
1075,1976,Summer,Canada,Montreal,6084,92,198,Federal Republic of Germany,10,12,17,39
1076,1976,Summer,Canada,Montreal,6084,92,198,Finland,4,2,0,6
1077,1976,Summer,Canada,Montreal,6084,92,198,France,2,3,4,9
1078,1976,Summer,Canada,Montreal,6084,92,198,German Democratic Republic (Germany),40,25,25,90
1079,1976,Summer,Canada,Montreal,6084,92,198,Hungary,4,5,13,22
1080,1976,Summer,Canada,Montreal,6084,92,198,Islamic Republic of Iran,0,1,1,2
1081,1976,Summer,Canada,Montreal,6084,92,198,Italy,2,7,4,13
1082,1976,Summer,Canada,Montreal,6084,92,198,Jamaica,1,1,0,2
1083,1976,Summer,Canada,Montreal,6084,92,198,Japan,9,6,10,25
1084,1976,Summer,Canada,Montreal,6084,92,198,Mexico,1,0,1,2
1085,1976,Summer,Canada,Montreal,6084,92,198,Mongolia,0,1,0,1
1086,1976,Summer,Canada,Montreal,6084,92,198,Netherlands,0,2,3,5
1087,1976,Summer,Canada,Montreal,6084,92,198,New Zealand,2,1,1,4
1088,1976,Summer,Canada,Montreal,6084,92,198,Norway,1,1,0,2
1089,1976,Summer,Canada,Montreal,6084,92,198,Pakistan,0,0,1,1
1090,1976,Summer,Canada,Montreal,6084,92,198,Poland,7,6,13,26
1091,1976,Summer,Canada,Montreal,6084,92,198,Portugal,0,2,0,2
1092,1976,Summer,Canada,Montreal,6084,92,198,Puerto Rico,0,0,1,1
1093,1976,Summer,Canada,Montreal,6084,92,198,Republic of Korea,1,1,4,6
1094,1976,Summer,Canada,Montreal,6084,92,198,Romania,4,9,14,27
1095,1976,Summer,Canada,Montreal,6084,92,198,Spain,0,2,0,2
1096,1976,Summer,Canada,Montreal,6084,92,198,Sweden,4,1,0,5
1097,1976,Summer,Canada,Montreal,6084,92,198,Switzerland,1,1,2,4
1098,1976,Summer,Canada,Montreal,6084,92,198,Thailand,0,0,1,1
1099,1976,Summer,Canada,Montreal,6084,92,198,Trinidad and Tobago,1,0,0,1
1100,1976,Summer,Canada,Montreal,6084,92,198,USSR,49,41,35,125
1101,1976,Summer,Canada,Montreal,6084,92,198,United Kingdom,3,5,5,13
1102,1976,Summer,Canada,Montreal,6084,92,198,United States of America,34,35,25,94
1103,1976,Summer,Canada,Montreal,6084,92,198,Venezuela,0,1,0,1
1104,1976,Summer,Canada,Montreal,6084,92,198,Yugoslavia,2,3,3,8
1121,1972,Summer,Federal Republic of Germany,Munich,7134,121,195,Argentina,0,1,0,1
1122,1972,Summer,Federal Republic of Germany,Munich,7134,121,195,Australia,8,7,2,17
1123,1972,Summer,Federal Republic of Germany,Munich,7134,121,195,Austria,0,1,2,3
1124,1972,Summer,Federal Republic of Germany,Munich,7134,121,195,Belgium,0,2,0,2
1125,1972,Summer,Federal Republic of Germany,Munich,7134,121,195,Brazil,0,0,2,2
1126,1972,Summer,Federal Republic of Germany,Munich,7134,121,195,Bulgaria,6,10,5,21
1127,1972,Summer,Federal Republic of Germany,Munich,7134,121,195,Canada,0,2,3,5
1128,1972,Summer,Federal Republic of Germany,Munich,7134,121,195,Colombia,0,1,2,3
1129,1972,Summer,Federal Republic of Germany,Munich,7134,121,195,Cuba,3,1,4,8
1130,1972,Summer,Federal Republic of Germany,Munich,7134,121,195,Czechoslovakia,2,4,2,8
1131,1972,Summer,Federal Republic of Germany,Munich,7134,121,195,Democratic People's Republic of Korea,1,1,3,5
1132,1972,Summer,Federal Republic of Germany,Munich,7134,121,195,Denmark,1,0,0,1
1133,1972,Summer,Federal Republic of Germany,Munich,7134,121,195,Ethiopia,0,0,2,2
1134,1972,Summer,Federal Republic of Germany,Munich,7134,121,195,Federal Republic of Germany,13,11,16,40
1135,1972,Summer,Federal Republic of Germany,Munich,7134,121,195,Finland,3,1,4,8
1136,1972,Summer,Federal Republic of Germany,Munich,7134,121,195,France,2,4,7,13
1137,1972,Summer,Federal Republic of Germany,Munich,7134,121,195,German Democratic Republic (Germany),20,23,23,66
1138,1972,Summer,Federal Republic of Germany,Munich,7134,121,195,Ghana,0,0,1,1
1139,1972,Summer,Federal Republic of Germany,Munich,7134,121,195,Greece,0,2,0,2
1140,1972,Summer,Federal Republic of Germany,Munich,7134,121,195,Hungary,6,13,16,35
1141,1972,Summer,Federal Republic of Germany,Munich,7134,121,195,India,0,0,1,1
1142,1972,Summer,Federal Republic of Germany,Munich,7134,121,195,Islamic Republic of Iran,0,2,1,3
1143,1972,Summer,Federal Republic of Germany,Munich,7134,121,195,Italy,5,3,10,18
1144,1972,Summer,Federal Republic of Germany,Munich,7134,121,195,Jamaica,0,0,1,1
1145,1972,Summer,Federal Republic of Germany,Munich,7134,121,195,Japan,13,8,8,29
1146,1972,Summer,Federal Republic of Germany,Munich,7134,121,195,Kenya,2,3,4,9
1147,1972,Summer,Federal Republic of Germany,Munich,7134,121,195,Lebanon,0,1,0,1
1148,1972,Summer,Federal Republic of Germany,Munich,7134,121,195,Mexico,0,1,0,1
1149,1972,Summer,Federal Republic of Germany,Munich,7134,121,195,Mongolia,0,1,0,1
1150,1972,Summer,Federal Republic of Germany,Munich,7134,121,195,Netherlands,3,1,1,5
1151,1972,Summer,Federal Republic of Germany,Munich,7134,121,195,New Zealand,1,1,1,3
1152,1972,Summer,Federal Republic of Germany,Munich,7134,121,195,Niger,0,0,1,1
1153,1972,Summer,Federal Republic of Germany,Munich,7134,121,195,Nigeria,0,0,1,1
1154,1972,Summer,Federal Republic of Germany,Munich,7134,121,195,Norway,2,1,1,4
1155,1972,Summer,Federal Republic of Germany,Munich,7134,121,195,Pakistan,0,1,0,1
1156,1972,Summer,Federal Republic of Germany,Munich,7134,121,195,Poland,7,5,9,21
1157,1972,Summer,Federal Republic of Germany,Munich,7134,121,195,Republic of Korea,0,1,0,1
1158,1972,Summer,Federal Republic of Germany,Munich,7134,121,195,Romania,3,6,7,16
1159,1972,Summer,Federal Republic of Germany,Munich,7134,121,195,Spain,0,0,1,1
1160,1972,Summer,Federal Republic of Germany,Munich,7134,121,195,Sweden,4,6,6,16
1161,1972,Summer,Federal Republic of Germany,Munich,7134,121,195,Switzerland,0,3,0,3
1162,1972,Summer,Federal Republic of Germany,Munich,7134,121,195,Tunisia,0,1,0,1
1163,1972,Summer,Federal Republic of Germany,Munich,7134,121,195,Turkey,0,1,0,1
1164,1972,Summer,Federal Republic of Germany,Munich,7134,121,195,USSR,50,27,22,99
1165,1972,Summer,Federal Republic of Germany,Munich,7134,121,195,Uganda,1,1,0,2
1166,1972,Summer,Federal Republic of Germany,Munich,7134,121,195,United Kingdom,4,5,9,18
1167,1972,Summer,Federal Republic of Germany,Munich,7134,121,195,United States of America,33,31,30,94
1168,1972,Summer,Federal Republic of Germany,Munich,7134,121,195,Yugoslavia,2,1,2,5
1186,1968,Summer,Mexico,Mexico City,5516,112,172,Argentina,0,0,2,2
1187,1968,Summer,Mexico,Mexico City,5516,112,172,Australia,5,7,5,17
1188,1968,Summer,Mexico,Mexico City,5516,112,172,Austria,0,2,2,4
1189,1968,Summer,Mexico,Mexico City,5516,112,172,Belgium,0,1,1,2
1190,1968,Summer,Mexico,Mexico City,5516,112,172,Brazil,0,1,2,3
1191,1968,Summer,Mexico,Mexico City,5516,112,172,Bulgaria,2,4,3,9
1192,1968,Summer,Mexico,Mexico City,5516,112,172,Cameroon,0,1,0,1
1193,1968,Summer,Mexico,Mexico City,5516,112,172,Canada,1,3,1,5
1194,1968,Summer,Mexico,Mexico City,5516,112,172,Chinese Taipei,0,0,1,1
1195,1968,Summer,Mexico,Mexico City,5516,112,172,Cuba,0,4,0,4
1196,1968,Summer,Mexico,Mexico City,5516,112,172,Czechoslovakia,7,2,4,13
1197,1968,Summer,Mexico,Mexico City,5516,112,172,Denmark,1,4,3,8
1198,1968,Summer,Mexico,Mexico City,5516,112,172,Ethiopia,1,1,0,2
1199,1968,Summer,Mexico,Mexico City,5516,112,172,Federal Republic of Germany,5,11,10,26
1200,1968,Summer,Mexico,Mexico City,5516,112,172,Finland,1,2,1,4
1201,1968,Summer,Mexico,Mexico City,5516,112,172,France,7,3,5,15
1202,1968,Summer,Mexico,Mexico City,5516,112,172,German Democratic Republic (Germany),9,9,7,25
1203,1968,Summer,Mexico,Mexico City,5516,112,172,Greece,0,0,1,1
1204,1968,Summer,Mexico,Mexico City,5516,112,172,Hungary,10,10,12,32
1205,1968,Summer,Mexico,Mexico City,5516,112,172,India,0,0,1,1
1206,1968,Summer,Mexico,Mexico City,5516,112,172,Islamic Republic of Iran,2,1,2,5
1207,1968,Summer,Mexico,Mexico City,5516,112,172,Italy,3,4,9,16
1208,1968,Summer,Mexico,Mexico City,5516,112,172,Jamaica,0,1,0,1
1209,1968,Summer,Mexico,Mexico City,5516,112,172,Japan,11,7,7,25
1210,1968,Summer,Mexico,Mexico City,5516,112,172,Kenya,3,4,2,9
1211,1968,Summer,Mexico,Mexico City,5516,112,172,Mexico,3,3,3,9
1212,1968,Summer,Mexico,Mexico City,5516,112,172,Mongolia,0,1,3,4
1213,1968,Summer,Mexico,Mexico City,5516,112,172,Netherlands,3,3,1,7
1214,1968,Summer,Mexico,Mexico City,5516,112,172,New Zealand,1,0,2,3
1215,1968,Summer,Mexico,Mexico City,5516,112,172,Norway,1,1,0,2
1216,1968,Summer,Mexico,Mexico City,5516,112,172,Pakistan,1,0,0,1
1217,1968,Summer,Mexico,Mexico City,5516,112,172,Poland,5,2,11,18
1218,1968,Summer,Mexico,Mexico City,5516,112,172,Republic of Korea,0,1,1,2
1219,1968,Summer,Mexico,Mexico City,5516,112,172,Romania,4,6,5,15
1220,1968,Summer,Mexico,Mexico City,5516,112,172,Sweden,2,1,1,4
1221,1968,Summer,Mexico,Mexico City,5516,112,172,Switzerland,0,1,4,5
1222,1968,Summer,Mexico,Mexico City,5516,112,172,Tunisia,1,0,1,2
1223,1968,Summer,Mexico,Mexico City,5516,112,172,Turkey,2,0,0,2
1224,1968,Summer,Mexico,Mexico City,5516,112,172,USSR,29,32,30,91
1225,1968,Summer,Mexico,Mexico City,5516,112,172,Uganda,0,1,1,2
1226,1968,Summer,Mexico,Mexico City,5516,112,172,United Kingdom,5,5,3,13
1227,1968,Summer,Mexico,Mexico City,5516,112,172,United States of America,45,28,34,107
1228,1968,Summer,Mexico,Mexico City,5516,112,172,Venezuela,1,0,0,1
1229,1968,Summer,Mexico,Mexico City,5516,112,172,Yugoslavia,3,3,2,8
1245,1964,Summer,Japan,Tokyo,5151,93,163,Argentina,0,1,0,1
1246,1964,Summer,Japan,Tokyo,5151,93,163,Australia,6,2,10,18
1247,1964,Summer,Japan,Tokyo,5151,93,163,Bahamas,1,0,0,1
1248,1964,Summer,Japan,Tokyo,5151,93,163,Belgium,2,0,1,3
1249,1964,Summer,Japan,Tokyo,5151,93,163,Brazil,0,0,1,1
1250,1964,Summer,Japan,Tokyo,5151,93,163,Bulgaria,3,5,2,10
1251,1964,Summer,Japan,Tokyo,5151,93,163,Canada,1,2,1,4
1252,1964,Summer,Japan,Tokyo,5151,93,163,Cuba,0,1,0,1
1253,1964,Summer,Japan,Tokyo,5151,93,163,Czechoslovakia,5,6,3,14
1254,1964,Summer,Japan,Tokyo,5151,93,163,Denmark,2,1,3,6
1255,1964,Summer,Japan,Tokyo,5151,93,163,Ethiopia,1,0,0,1
1256,1964,Summer,Japan,Tokyo,5151,93,163,Finland,3,0,2,5
1257,1964,Summer,Japan,Tokyo,5151,93,163,France,1,8,6,15
1258,1964,Summer,Japan,Tokyo,5151,93,163,Germany,10,22,18,50
1259,1964,Summer,Japan,Tokyo,5151,93,163,Ghana,0,0,1,1
1260,1964,Summer,Japan,Tokyo,5151,93,163,Hungary,10,7,5,22
1261,1964,Summer,Japan,Tokyo,5151,93,163,India,1,0,0,1
1262,1964,Summer,Japan,Tokyo,5151,93,163,Ireland,0,0,1,1
1263,1964,Summer,Japan,Tokyo,5151,93,163,Islamic Republic of Iran,0,0,2,2
1264,1964,Summer,Japan,Tokyo,5151,93,163,Italy,10,10,7,27
1265,1964,Summer,Japan,Tokyo,5151,93,163,Japan,16,5,8,29
1266,1964,Summer,Japan,Tokyo,5151,93,163,Kenya,0,0,1,1
1267,1964,Summer,Japan,Tokyo,5151,93,163,Mexico,0,0,1,1
1268,1964,Summer,Japan,Tokyo,5151,93,163,Netherlands,2,4,4,10
1269,1964,Summer,Japan,Tokyo,5151,93,163,New Zealand,3,0,2,5
1270,1964,Summer,Japan,Tokyo,5151,93,163,Nigeria,0,0,1,1
1271,1964,Summer,Japan,Tokyo,5151,93,163,Pakistan,0,1,0,1
1272,1964,Summer,Japan,Tokyo,5151,93,163,Philippines,0,1,0,1
1273,1964,Summer,Japan,Tokyo,5151,93,163,Poland,7,6,10,23
1274,1964,Summer,Japan,Tokyo,5151,93,163,Republic of Korea,0,2,1,3
1275,1964,Summer,Japan,Tokyo,5151,93,163,Romania,2,4,6,12
1276,1964,Summer,Japan,Tokyo,5151,93,163,Sweden,2,2,4,8
1277,1964,Summer,Japan,Tokyo,5151,93,163,Switzerland,1,2,1,4
1278,1964,Summer,Japan,Tokyo,5151,93,163,Trinidad and Tobago,0,1,2,3
1279,1964,Summer,Japan,Tokyo,5151,93,163,Tunisia,0,1,1,2
1280,1964,Summer,Japan,Tokyo,5151,93,163,Turkey,2,3,1,6
1281,1964,Summer,Japan,Tokyo,5151,93,163,USSR,30,31,35,96
1282,1964,Summer,Japan,Tokyo,5151,93,163,United Kingdom,4,12,2,18
1283,1964,Summer,Japan,Tokyo,5151,93,163,United States of America,36,26,28,90
1284,1964,Summer,Japan,Tokyo,5151,93,163,Uruguay,0,0,1,1
1285,1964,Summer,Japan,Tokyo,5151,93,163,Yugoslavia,2,1,2,5
1300,1960,Summer,Italy,Rome,5338,83,150,Argentina,0,1,1,2
1301,1960,Summer,Italy,Rome,5338,83,150,Australia,8,8,6,22
1302,1960,Summer,Italy,Rome,5338,83,150,Austria,1,1,0,2
1303,1960,Summer,Italy,Rome,5338,83,150,Belgium,0,2,2,4
1304,1960,Summer,Italy,Rome,5338,83,150,Brazil,0,0,2,2
1305,1960,Summer,Italy,Rome,5338,83,150,Bulgaria,1,3,3,7
1306,1960,Summer,Italy,Rome,5338,83,150,Canada,0,1,0,1
1307,1960,Summer,Italy,Rome,5338,83,150,Chinese Taipei,0,1,0,1
1308,1960,Summer,Italy,Rome,5338,83,150,Czechoslovakia,3,2,3,8
1309,1960,Summer,Italy,Rome,5338,83,150,Denmark,2,3,1,6
1310,1960,Summer,Italy,Rome,5338,83,150,Ethiopia,1,0,0,1
1311,1960,Summer,Italy,Rome,5338,83,150,Finland,1,1,3,5
1312,1960,Summer,Italy,Rome,5338,83,150,France,0,2,3,5
1313,1960,Summer,Italy,Rome,5338,83,150,Germany,12,19,11,42
1314,1960,Summer,Italy,Rome,5338,83,150,Ghana,0,1,0,1
1315,1960,Summer,Italy,Rome,5338,83,150,Greece,1,0,0,1
1316,1960,Summer,Italy,Rome,5338,83,150,Hungary,6,8,7,21
1317,1960,Summer,Italy,Rome,5338,83,150,India,0,1,0,1
1318,1960,Summer,Italy,Rome,5338,83,150,Iraq,0,0,1,1
1319,1960,Summer,Italy,Rome,5338,83,150,Islamic Republic of Iran,0,1,3,4
1320,1960,Summer,Italy,Rome,5338,83,150,Italy,13,10,13,36
1321,1960,Summer,Italy,Rome,5338,83,150,Jamaica,0,0,2,2
1322,1960,Summer,Italy,Rome,5338,83,150,Japan,4,7,7,18
1323,1960,Summer,Italy,Rome,5338,83,150,Mexico,0,0,1,1
1324,1960,Summer,Italy,Rome,5338,83,150,Morocco,0,1,0,1
1325,1960,Summer,Italy,Rome,5338,83,150,Netherlands,0,1,2,3
1326,1960,Summer,Italy,Rome,5338,83,150,New Zealand,2,0,1,3
1327,1960,Summer,Italy,Rome,5338,83,150,Norway,1,0,0,1
1328,1960,Summer,Italy,Rome,5338,83,150,Pakistan,1,0,1,2
1329,1960,Summer,Italy,Rome,5338,83,150,Poland,4,6,11,21
1330,1960,Summer,Italy,Rome,5338,83,150,Portugal,0,1,0,1
1331,1960,Summer,Italy,Rome,5338,83,150,Romania,3,1,6,10
1332,1960,Summer,Italy,Rome,5338,83,150,Singapore,0,1,0,1
1333,1960,Summer,Italy,Rome,5338,83,150,South Africa,0,1,2,3
1334,1960,Summer,Italy,Rome,5338,83,150,Spain,0,0,1,1
1335,1960,Summer,Italy,Rome,5338,83,150,Sweden,1,2,3,6
1336,1960,Summer,Italy,Rome,5338,83,150,Switzerland,0,3,3,6
1337,1960,Summer,Italy,Rome,5338,83,150,Turkey,7,2,0,9
1338,1960,Summer,Italy,Rome,5338,83,150,USSR,43,29,31,103
1339,1960,Summer,Italy,Rome,5338,83,150,United Arab Emirates,0,1,1,2
1340,1960,Summer,Italy,Rome,5338,83,150,United Kingdom,2,6,12,20
1341,1960,Summer,Italy,Rome,5338,83,150,United States of America,34,21,16,71
1342,1960,Summer,Italy,Rome,5338,83,150,Venezuela,0,0,1,1
1343,1960,Summer,Italy,Rome,5338,83,150,Yugoslavia,1,1,0,2
1358,1956,Summer,"Australia, Sweden",Melbourne,3314,72,151,Argentina,0,1,1,2
1359,1956,Summer,"Australia, Sweden",Melbourne,3314,72,151,Australia,13,8,14,35
1360,1956,Summer,"Australia, Sweden",Melbourne,3314,72,151,Austria,0,0,2,2
1361,1956,Summer,"Australia, Sweden",Melbourne,3314,72,151,Bahamas,0,0,1,1
1362,1956,Summer,"Australia, Sweden",Melbourne,3314,72,151,Belgium,0,2,0,2
1363,1956,Summer,"Australia, Sweden",Melbourne,3314,72,151,Brazil,1,0,0,1
1364,1956,Summer,"Australia, Sweden",Melbourne,3314,72,151,Bulgaria,1,3,1,5
1365,1956,Summer,"Australia, Sweden",Melbourne,3314,72,151,Canada,2,1,2,5
1366,1956,Summer,"Australia, Sweden",Melbourne,3314,72,151,Chile,0,2,2,4
1367,1956,Summer,"Australia, Sweden",Melbourne,3314,72,151,Czechoslovakia,1,4,1,6
1368,1956,Summer,"Australia, Sweden",Melbourne,3314,72,151,Denmark,1,1,1,3
1369,1956,Summer,"Australia, Sweden",Melbourne,3314,72,151,Finland,3,1,11,15
1370,1956,Summer,"Australia, Sweden",Melbourne,3314,72,151,France,4,4,6,14
1371,1956,Summer,"Australia, Sweden",Melbourne,3314,72,151,Germany,4,10,6,20
1372,1956,Summer,"Australia, Sweden",Melbourne,3314,72,151,Greece,0,0,1,1
1373,1956,Summer,"Australia, Sweden",Melbourne,3314,72,151,Hungary,9,10,7,26
1374,1956,Summer,"Australia, Sweden",Melbourne,3314,72,151,Iceland,0,1,0,1
1375,1956,Summer,"Australia, Sweden",Melbourne,3314,72,151,India,1,0,0,1
1376,1956,Summer,"Australia, Sweden",Melbourne,3314,72,151,Ireland,1,1,3,5
1377,1956,Summer,"Australia, Sweden",Melbourne,3314,72,151,Islamic Republic of Iran,2,2,1,5
1378,1956,Summer,"Australia, Sweden",Melbourne,3314,72,151,Italy,8,6,8,22
1379,1956,Summer,"Australia, Sweden",Melbourne,3314,72,151,Japan,4,10,5,19
1380,1956,Summer,"Australia, Sweden",Melbourne,3314,72,151,Mexico,1,0,1,2
1381,1956,Summer,"Australia, Sweden",Melbourne,3314,72,151,New Zealand,2,0,0,2
1382,1956,Summer,"Australia, Sweden",Melbourne,3314,72,151,Norway,1,0,2,3
1383,1956,Summer,"Australia, Sweden",Melbourne,3314,72,151,Pakistan,0,1,0,1
1384,1956,Summer,"Australia, Sweden",Melbourne,3314,72,151,Poland,1,4,4,9
1385,1956,Summer,"Australia, Sweden",Melbourne,3314,72,151,Republic of Korea,0,1,1,2
1386,1956,Summer,"Australia, Sweden",Melbourne,3314,72,151,Romania,5,3,5,13
1387,1956,Summer,"Australia, Sweden",Melbourne,3314,72,151,South Africa,0,0,4,4
1388,1956,Summer,"Australia, Sweden",Melbourne,3314,72,151,Sweden,5,5,6,16
1389,1956,Summer,"Australia, Sweden",Melbourne,3314,72,151,Turkey,3,2,2,7
1390,1956,Summer,"Australia, Sweden",Melbourne,3314,72,151,USSR,37,29,32,98
1391,1956,Summer,"Australia, Sweden",Melbourne,3314,72,151,United Kingdom,5,7,9,21
1392,1956,Summer,"Australia, Sweden",Melbourne,3314,72,151,United States of America,32,25,17,74
1393,1956,Summer,"Australia, Sweden",Melbourne,3314,72,151,Uruguay,0,0,1,1
1394,1956,Summer,"Australia, Sweden",Melbourne,3314,72,151,Yugoslavia,0,3,0,3
1408,1952,Summer,Finland,Helsinki,4955,69,149,Argentina,1,2,2,5
1409,1952,Summer,Finland,Helsinki,4955,69,149,Australia,6,2,3,11
1410,1952,Summer,Finland,Helsinki,4955,69,149,Austria,0,1,1,2
1411,1952,Summer,Finland,Helsinki,4955,69,149,Belgium,2,2,0,4
1412,1952,Summer,Finland,Helsinki,4955,69,149,Brazil,1,0,2,3
1413,1952,Summer,Finland,Helsinki,4955,69,149,Bulgaria,0,0,1,1
1414,1952,Summer,Finland,Helsinki,4955,69,149,Canada,1,2,0,3
1415,1952,Summer,Finland,Helsinki,4955,69,149,Chile,0,2,0,2
1416,1952,Summer,Finland,Helsinki,4955,69,149,Czechoslovakia,7,3,3,13
1417,1952,Summer,Finland,Helsinki,4955,69,149,Denmark,2,1,3,6
1418,1952,Summer,Finland,Helsinki,4955,69,149,Egypt,0,0,1,1
1419,1952,Summer,Finland,Helsinki,4955,69,149,Finland,6,3,13,22
1420,1952,Summer,Finland,Helsinki,4955,69,149,France,6,6,6,18
1421,1952,Summer,Finland,Helsinki,4955,69,149,Germany,0,7,17,24
1422,1952,Summer,Finland,Helsinki,4955,69,149,Hungary,16,10,16,42
1423,1952,Summer,Finland,Helsinki,4955,69,149,India,1,0,1,2
1424,1952,Summer,Finland,Helsinki,4955,69,149,Ireland,0,1,0,1
1425,1952,Summer,Finland,Helsinki,4955,69,149,Islamic Republic of Iran,0,3,4,7
1426,1952,Summer,Finland,Helsinki,4955,69,149,Italy,8,9,4,21
1427,1952,Summer,Finland,Helsinki,4955,69,149,Jamaica,2,3,0,5
1428,1952,Summer,Finland,Helsinki,4955,69,149,Japan,1,6,2,9
1429,1952,Summer,Finland,Helsinki,4955,69,149,Lebanon,0,1,1,2
1430,1952,Summer,Finland,Helsinki,4955,69,149,Luxembourg,1,0,0,1
1431,1952,Summer,Finland,Helsinki,4955,69,149,Mexico,0,1,0,1
1432,1952,Summer,Finland,Helsinki,4955,69,149,Netherlands,0,5,0,5
1433,1952,Summer,Finland,Helsinki,4955,69,149,New Zealand,1,0,2,3
1434,1952,Summer,Finland,Helsinki,4955,69,149,Norway,3,2,0,5
1435,1952,Summer,Finland,Helsinki,4955,69,149,Poland,1,2,1,4
1436,1952,Summer,Finland,Helsinki,4955,69,149,Portugal,0,0,1,1
1437,1952,Summer,Finland,Helsinki,4955,69,149,Republic of Korea,0,0,2,2
1438,1952,Summer,Finland,Helsinki,4955,69,149,Romania,1,1,2,4
1439,1952,Summer,Finland,Helsinki,4955,69,149,South Africa,2,4,4,10
1440,1952,Summer,Finland,Helsinki,4955,69,149,Spain,0,1,0,1
1441,1952,Summer,Finland,Helsinki,4955,69,149,Sweden,12,13,10,35
1442,1952,Summer,Finland,Helsinki,4955,69,149,Switzerland,2,6,6,14
1443,1952,Summer,Finland,Helsinki,4955,69,149,Trinidad and Tobago,0,0,2,2
1444,1952,Summer,Finland,Helsinki,4955,69,149,Turkey,2,0,1,3
1445,1952,Summer,Finland,Helsinki,4955,69,149,USSR,22,30,19,71
1446,1952,Summer,Finland,Helsinki,4955,69,149,United Kingdom,1,2,8,11
1447,1952,Summer,Finland,Helsinki,4955,69,149,United States of America,40,19,17,76
1448,1952,Summer,Finland,Helsinki,4955,69,149,Uruguay,0,0,2,2
1449,1952,Summer,Finland,Helsinki,4955,69,149,Venezuela,0,0,1,1
1450,1952,Summer,Finland,Helsinki,4955,69,149,Yugoslavia,1,2,0,3
1464,1948,Summer,Great Britain,London,4104,59,136,Argentina,3,3,1,7
1465,1948,Summer,Great Britain,London,4104,59,136,Australia,2,6,5,13
1466,1948,Summer,Great Britain,London,4104,59,136,Austria,2,2,4,8
1467,1948,Summer,Great Britain,London,4104,59,136,Belgium,2,2,3,7
1468,1948,Summer,Great Britain,London,4104,59,136,Brazil,0,0,1,1
1469,1948,Summer,Great Britain,London,4104,59,136,Canada,0,2,2,4
1470,1948,Summer,Great Britain,London,4104,59,136,Cuba,0,1,0,1
1471,1948,Summer,Great Britain,London,4104,59,136,Czechoslovakia,6,2,3,11
1472,1948,Summer,Great Britain,London,4104,59,136,Denmark,5,8,9,22
1473,1948,Summer,Great Britain,London,4104,59,136,Egypt,2,2,1,5
1474,1948,Summer,Great Britain,London,4104,59,136,Finland,10,8,6,24
1475,1948,Summer,Great Britain,London,4104,59,136,France,11,6,15,32
1476,1948,Summer,Great Britain,London,4104,59,136,Hungary,10,5,13,28
1477,1948,Summer,Great Britain,London,4104,59,136,India,1,0,0,1
1478,1948,Summer,Great Britain,London,4104,59,136,Ireland,0,0,1,1
1479,1948,Summer,Great Britain,London,4104,59,136,Islamic Republic of Iran,0,0,1,1
1480,1948,Summer,Great Britain,London,4104,59,136,Italy,9,12,10,31
1481,1948,Summer,Great Britain,London,4104,59,136,Jamaica,1,2,0,3
1482,1948,Summer,Great Britain,London,4104,59,136,Mexico,2,1,2,5
1483,1948,Summer,Great Britain,London,4104,59,136,Netherlands,5,2,9,16
1484,1948,Summer,Great Britain,London,4104,59,136,Norway,1,3,3,7
1485,1948,Summer,Great Britain,London,4104,59,136,Panama,0,0,2,2
1486,1948,Summer,Great Britain,London,4104,59,136,Peru,1,0,0,1
1487,1948,Summer,Great Britain,London,4104,59,136,Poland,1,0,1,2
1488,1948,Summer,Great Britain,London,4104,59,136,Portugal,0,1,1,2
1489,1948,Summer,Great Britain,London,4104,59,136,Puerto Rico,0,0,1,1
1490,1948,Summer,Great Britain,London,4104,59,136,Republic of Korea,0,0,2,2
1491,1948,Summer,Great Britain,London,4104,59,136,South Africa,2,2,2,6
1492,1948,Summer,Great Britain,London,4104,59,136,Spain,0,1,0,1
1493,1948,Summer,Great Britain,London,4104,59,136,Sri Lanka,0,1,0,1
1494,1948,Summer,Great Britain,London,4104,59,136,Sweden,17,11,18,46
1495,1948,Summer,Great Britain,London,4104,59,136,Switzerland,5,12,6,23
1496,1948,Summer,Great Britain,London,4104,59,136,Trinidad and Tobago,0,1,0,1
1497,1948,Summer,Great Britain,London,4104,59,136,Turkey,6,4,2,12
1498,1948,Summer,Great Britain,London,4104,59,136,United Kingdom,4,16,7,27
1499,1948,Summer,Great Britain,London,4104,59,136,United States of America,38,27,19,84
1500,1948,Summer,Great Britain,London,4104,59,136,Uruguay,0,1,1,2
1501,1948,Summer,Great Britain,London,4104,59,136,Yugoslavia,0,2,0,2
1515,1936,Summer,Germany,Berlin,3963,49,129,Argentina,2,2,3,7
1516,1936,Summer,Germany,Berlin,3963,49,129,Australia,0,0,1,1
1517,1936,Summer,Germany,Berlin,3963,49,129,Austria,5,7,5,17
1518,1936,Summer,Germany,Berlin,3963,49,129,Belgium,0,0,3,3
1519,1936,Summer,Germany,Berlin,3963,49,129,Canada,1,3,5,9
1520,1936,Summer,Germany,Berlin,3963,49,129,Czechoslovakia,3,5,1,9
1521,1936,Summer,Germany,Berlin,3963,49,129,Denmark,0,2,3,5
1522,1936,Summer,Germany,Berlin,3963,49,129,Egypt,2,1,2,5
1523,1936,Summer,Germany,Berlin,3963,49,129,Estonia,2,2,3,7
1524,1936,Summer,Germany,Berlin,3963,49,129,Finland,8,6,6,20
1525,1936,Summer,Germany,Berlin,3963,49,129,France,7,6,6,19
1526,1936,Summer,Germany,Berlin,3963,49,129,Germany,38,31,32,101
1527,1936,Summer,Germany,Berlin,3963,49,129,Hungary,10,1,5,16
1528,1936,Summer,Germany,Berlin,3963,49,129,India,1,0,0,1
1529,1936,Summer,Germany,Berlin,3963,49,129,Italy,9,13,5,27
1530,1936,Summer,Germany,Berlin,3963,49,129,Japan,6,4,10,20
1531,1936,Summer,Germany,Berlin,3963,49,129,Latvia,0,1,1,2
1532,1936,Summer,Germany,Berlin,3963,49,129,Mexico,0,0,3,3
1533,1936,Summer,Germany,Berlin,3963,49,129,Netherlands,6,4,7,17
1534,1936,Summer,Germany,Berlin,3963,49,129,New Zealand,1,0,0,1
1535,1936,Summer,Germany,Berlin,3963,49,129,Norway,1,3,2,6
1536,1936,Summer,Germany,Berlin,3963,49,129,Philippines,0,0,1,1
1537,1936,Summer,Germany,Berlin,3963,49,129,Poland,0,4,5,9
1538,1936,Summer,Germany,Berlin,3963,49,129,Portugal,0,0,1,1
1539,1936,Summer,Germany,Berlin,3963,49,129,Romania,0,1,0,1
1540,1936,Summer,Germany,Berlin,3963,49,129,South Africa,0,1,0,1
1541,1936,Summer,Germany,Berlin,3963,49,129,Sweden,6,5,10,21
1542,1936,Summer,Germany,Berlin,3963,49,129,Switzerland,4,9,5,18
1543,1936,Summer,Germany,Berlin,3963,49,129,Turkey,1,0,1,2
1544,1936,Summer,Germany,Berlin,3963,49,129,United Kingdom,4,7,3,14
1545,1936,Summer,Germany,Berlin,3963,49,129,United States of America,24,21,12,57
1546,1936,Summer,Germany,Berlin,3963,49,129,Yugoslavia,0,1,0,1
1558,1932,Summer,United States,Los Angeles,1334,37,117,Argentina,3,1,0,4
1559,1932,Summer,United States,Los Angeles,1334,37,117,Australia,3,1,1,5
1560,1932,Summer,United States,Los Angeles,1334,37,117,Austria,1,1,3,5
1561,1932,Summer,United States,Los Angeles,1334,37,117,Belgium,0,0,1,1
1562,1932,Summer,United States,Los Angeles,1334,37,117,Canada,2,5,9,16
1563,1932,Summer,United States,Los Angeles,1334,37,117,Czechoslovakia,1,3,2,6
1564,1932,Summer,United States,Los Angeles,1334,37,117,Denmark,0,5,3,8
1565,1932,Summer,United States,Los Angeles,1334,37,117,Finland,5,8,12,25
1566,1932,Summer,United States,Los Angeles,1334,37,117,France,11,5,4,20
1567,1932,Summer,United States,Los Angeles,1334,37,117,Germany,5,12,7,24
1568,1932,Summer,United States,Los Angeles,1334,37,117,Hungary,6,5,5,16
1569,1932,Summer,United States,Los Angeles,1334,37,117,India,1,0,0,1
1570,1932,Summer,United States,Los Angeles,1334,37,117,Ireland,2,0,0,2
1571,1932,Summer,United States,Los Angeles,1334,37,117,Italy,12,12,12,36
1572,1932,Summer,United States,Los Angeles,1334,37,117,Japan,7,7,4,18
1573,1932,Summer,United States,Los Angeles,1334,37,117,Latvia,0,1,0,1
1574,1932,Summer,United States,Los Angeles,1334,37,117,Mexico,0,2,0,2
1575,1932,Summer,United States,Los Angeles,1334,37,117,Netherlands,2,5,1,8
1576,1932,Summer,United States,Los Angeles,1334,37,117,New Zealand,0,1,0,1
1577,1932,Summer,United States,Los Angeles,1334,37,117,Philippines,0,0,3,3
1578,1932,Summer,United States,Los Angeles,1334,37,117,Poland,3,2,4,9
1579,1932,Summer,United States,Los Angeles,1334,37,117,South Africa,2,0,3,5
1580,1932,Summer,United States,Los Angeles,1334,37,117,Spain,0,0,1,1
1581,1932,Summer,United States,Los Angeles,1334,37,117,Sweden,10,5,9,24
1582,1932,Summer,United States,Los Angeles,1334,37,117,Switzerland,0,1,0,1
1583,1932,Summer,United States,Los Angeles,1334,37,117,United Kingdom,5,7,5,17
1584,1932,Summer,United States,Los Angeles,1334,37,117,United States of America,44,36,30,110
1585,1932,Summer,United States,Los Angeles,1334,37,117,Uruguay,0,0,1,1
1596,1928,Summer,Netherlands,Amsterdam,2883,46,109,Argentina,3,3,1,7
1597,1928,Summer,Netherlands,Amsterdam,2883,46,109,Australia,1,2,1,4
1598,1928,Summer,Netherlands,Amsterdam,2883,46,109,Austria,3,0,1,4
1599,1928,Summer,Netherlands,Amsterdam,2883,46,109,Belgium,0,1,2,3
1600,1928,Summer,Netherlands,Amsterdam,2883,46,109,Canada,4,4,7,15
1601,1928,Summer,Netherlands,Amsterdam,2883,46,109,Chile,0,1,0,1
1602,1928,Summer,Netherlands,Amsterdam,2883,46,109,Czechoslovakia,2,5,2,9
1603,1928,Summer,Netherlands,Amsterdam,2883,46,109,Denmark,3,2,4,9
1604,1928,Summer,Netherlands,Amsterdam,2883,46,109,Egypt,2,1,1,4
1605,1928,Summer,Netherlands,Amsterdam,2883,46,109,Estonia,2,1,2,5
1606,1928,Summer,Netherlands,Amsterdam,2883,46,109,Finland,8,8,9,25
1607,1928,Summer,Netherlands,Amsterdam,2883,46,109,France,7,12,6,25
1608,1928,Summer,Netherlands,Amsterdam,2883,46,109,Germany,11,9,19,39
1609,1928,Summer,Netherlands,Amsterdam,2883,46,109,Haiti,0,1,0,1
1610,1928,Summer,Netherlands,Amsterdam,2883,46,109,Hungary,5,5,0,10
1611,1928,Summer,Netherlands,Amsterdam,2883,46,109,India,1,0,0,1
1612,1928,Summer,Netherlands,Amsterdam,2883,46,109,Ireland,1,0,0,1
1613,1928,Summer,Netherlands,Amsterdam,2883,46,109,Italy,7,6,7,20
1614,1928,Summer,Netherlands,Amsterdam,2883,46,109,Japan,2,2,1,5
1615,1928,Summer,Netherlands,Amsterdam,2883,46,109,Luxembourg,1,0,0,1
1616,1928,Summer,Netherlands,Amsterdam,2883,46,109,Netherlands,8,10,5,23
1617,1928,Summer,Netherlands,Amsterdam,2883,46,109,New Zealand,1,0,0,1
1618,1928,Summer,Netherlands,Amsterdam,2883,46,109,Norway,1,2,1,4
1619,1928,Summer,Netherlands,Amsterdam,2883,46,109,Philippines,0,0,1,1
1620,1928,Summer,Netherlands,Amsterdam,2883,46,109,Poland,2,1,4,7
1621,1928,Summer,Netherlands,Amsterdam,2883,46,109,Portugal,0,0,1,1
1622,1928,Summer,Netherlands,Amsterdam,2883,46,109,South Africa,1,0,2,3
1623,1928,Summer,Netherlands,Amsterdam,2883,46,109,Spain,1,0,0,1
1624,1928,Summer,Netherlands,Amsterdam,2883,46,109,Sweden,7,6,12,25
1625,1928,Summer,Netherlands,Amsterdam,2883,46,109,Switzerland,7,6,4,17
1626,1928,Summer,Netherlands,Amsterdam,2883,46,109,United Kingdom,4,11,7,22
1627,1928,Summer,Netherlands,Amsterdam,2883,46,109,United States of America,22,18,16,56
1628,1928,Summer,Netherlands,Amsterdam,2883,46,109,Uruguay,1,0,0,1
1629,1928,Summer,Netherlands,Amsterdam,2883,46,109,Yugoslavia,1,1,3,5
1642,1924,Summer,France,Paris,3088,44,126,Argentina,1,3,2,6
1643,1924,Summer,France,Paris,3088,44,126,Australia,3,1,2,6
1644,1924,Summer,France,Paris,3088,44,126,Austria,0,3,1,4
1645,1924,Summer,France,Paris,3088,44,126,Belgium,3,7,3,13
1646,1924,Summer,France,Paris,3088,44,126,Canada,0,3,1,4
1647,1924,Summer,France,Paris,3088,44,126,Czechoslovakia,1,4,5,10
1648,1924,Summer,France,Paris,3088,44,126,Denmark,2,6,3,11
1649,1924,Summer,France,Paris,3088,44,126,Estonia,1,1,4,6
1650,1924,Summer,France,Paris,3088,44,126,Finland,14,13,10,37
1651,1924,Summer,France,Paris,3088,44,126,France,14,15,12,41
1652,1924,Summer,France,Paris,3088,44,126,Greece,1,0,0,1
1653,1924,Summer,France,Paris,3088,44,126,Haiti,0,0,1,1
1654,1924,Summer,France,Paris,3088,44,126,Hungary,2,4,4,10
1655,1924,Summer,France,Paris,3088,44,126,Ireland,0,1,1,2
1656,1924,Summer,France,Paris,3088,44,126,Italy,8,3,5,16
1657,1924,Summer,France,Paris,3088,44,126,Japan,0,0,1,1
1658,1924,Summer,France,Paris,3088,44,126,Luxembourg,1,1,0,2
1659,1924,Summer,France,Paris,3088,44,126,Monaco,0,0,1,1
1660,1924,Summer,France,Paris,3088,44,126,Netherlands,4,1,6,11
1661,1924,Summer,France,Paris,3088,44,126,New Zealand,0,0,1,1
1662,1924,Summer,France,Paris,3088,44,126,Norway,5,2,3,10
1663,1924,Summer,France,Paris,3088,44,126,Poland,0,1,1,2
1664,1924,Summer,France,Paris,3088,44,126,Portugal,0,0,1,1
1665,1924,Summer,France,Paris,3088,44,126,Romania,0,0,1,1
1666,1924,Summer,France,Paris,3088,44,126,South Africa,1,1,1,3
1667,1924,Summer,France,Paris,3088,44,126,Sweden,4,13,12,29
1668,1924,Summer,France,Paris,3088,44,126,Switzerland,7,8,10,25
1669,1924,Summer,France,Paris,3088,44,126,United Kingdom,9,14,12,35
1670,1924,Summer,France,Paris,3088,44,126,United States of America,45,27,27,99
1671,1924,Summer,France,Paris,3088,44,126,Uruguay,1,0,0,1
1672,1924,Summer,France,Paris,3088,44,126,Yugoslavia,2,0,0,2
1687,1920,Summer,Belgium,Antwerp,2622,29,156,Australia,0,2,1,3
1688,1920,Summer,Belgium,Antwerp,2622,29,156,Belgium,16,12,14,42
1689,1920,Summer,Belgium,Antwerp,2622,29,156,Brazil,1,1,1,3
1690,1920,Summer,Belgium,Antwerp,2622,29,156,Canada,3,3,3,9
1691,1920,Summer,Belgium,Antwerp,2622,29,156,Czechoslovakia,0,0,2,2
1692,1920,Summer,Belgium,Antwerp,2622,29,156,Denmark,3,9,1,13
1693,1920,Summer,Belgium,Antwerp,2622,29,156,Estonia,1,2,0,3
1694,1920,Summer,Belgium,Antwerp,2622,29,156,Finland,15,10,9,34
1695,1920,Summer,Belgium,Antwerp,2622,29,156,France,9,20,13,42
1696,1920,Summer,Belgium,Antwerp,2622,29,156,Greece,0,1,0,1
1697,1920,Summer,Belgium,Antwerp,2622,29,156,Italy,14,6,5,25
1698,1920,Summer,Belgium,Antwerp,2622,29,156,Japan,0,2,0,2
1699,1920,Summer,Belgium,Antwerp,2622,29,156,Luxembourg,0,1,0,1
1700,1920,Summer,Belgium,Antwerp,2622,29,156,Netherlands,4,2,5,11
1701,1920,Summer,Belgium,Antwerp,2622,29,156,New Zealand,0,0,1,1
1702,1920,Summer,Belgium,Antwerp,2622,29,156,Norway,13,10,9,32
1703,1920,Summer,Belgium,Antwerp,2622,29,156,South Africa,3,4,3,10
1704,1920,Summer,Belgium,Antwerp,2622,29,156,Spain,0,2,0,2
1705,1920,Summer,Belgium,Antwerp,2622,29,156,Sweden,19,20,25,64
1706,1920,Summer,Belgium,Antwerp,2622,29,156,Switzerland,2,2,7,11
1707,1920,Summer,Belgium,Antwerp,2622,29,156,United Kingdom,14,16,13,43
1708,1920,Summer,Belgium,Antwerp,2622,29,156,United States of America,41,27,27,95
1709,1912,Summer,Sweden,Stockholm,2407,28,102,Australia,2,2,3,7
1710,1912,Summer,Sweden,Stockholm,2407,28,102,Austria,0,2,2,4
1711,1912,Summer,Sweden,Stockholm,2407,28,102,Belgium,2,1,3,6
1712,1912,Summer,Sweden,Stockholm,2407,28,102,Canada,3,2,3,8
1713,1912,Summer,Sweden,Stockholm,2407,28,102,Denmark,1,6,5,12
1714,1912,Summer,Sweden,Stockholm,2407,28,102,Finland,9,8,9,26
1715,1912,Summer,Sweden,Stockholm,2407,28,102,France,7,5,3,15
1716,1912,Summer,Sweden,Stockholm,2407,28,102,Germany,6,13,7,26
1717,1912,Summer,Sweden,Stockholm,2407,28,102,Greece,1,0,1,2
1718,1912,Summer,Sweden,Stockholm,2407,28,102,Hungary,3,2,3,8
1719,1912,Summer,Sweden,Stockholm,2407,28,102,Italy,5,1,2,8
1720,1912,Summer,Sweden,Stockholm,2407,28,102,Netherlands,0,0,3,3
1721,1912,Summer,Sweden,Stockholm,2407,28,102,Norway,3,2,5,10
1722,1912,Summer,Sweden,Stockholm,2407,28,102,Russian Federation,0,2,3,5
1723,1912,Summer,Sweden,Stockholm,2407,28,102,South Africa,4,2,0,6
1724,1912,Summer,Sweden,Stockholm,2407,28,102,Sweden,23,25,17,65
1725,1912,Summer,Sweden,Stockholm,2407,28,102,Switzerland,1,0,0,1
1726,1912,Summer,Sweden,Stockholm,2407,28,102,United Kingdom,10,15,16,41
1727,1912,Summer,Sweden,Stockholm,2407,28,102,United States of America,26,19,19,64
1728,1908,Summer,Great Britain,London,2008,22,110,Australia,1,2,2,5
1729,1908,Summer,Great Britain,London,2008,22,110,Austria,0,0,1,1
1730,1908,Summer,Great Britain,London,2008,22,110,Belgium,1,5,2,8
1731,1908,Summer,Great Britain,London,2008,22,110,Canada,3,3,10,16
1732,1908,Summer,Great Britain,London,2008,22,110,Czechia,0,0,2,2
1733,1908,Summer,Great Britain,London,2008,22,110,Denmark,0,2,3,5
1734,1908,Summer,Great Britain,London,2008,22,110,Finland,1,1,3,5
1735,1908,Summer,Great Britain,London,2008,22,110,France,5,5,9,19
1736,1908,Summer,Great Britain,London,2008,22,110,Germany,3,5,5,13
1737,1908,Summer,Great Britain,London,2008,22,110,Greece,0,3,1,4
1738,1908,Summer,Great Britain,London,2008,22,110,Hungary,3,4,2,9
1739,1908,Summer,Great Britain,London,2008,22,110,Italy,2,2,0,4
1740,1908,Summer,Great Britain,London,2008,22,110,Netherlands,0,0,2,2
1741,1908,Summer,Great Britain,London,2008,22,110,Norway,2,3,3,8
1742,1908,Summer,Great Britain,London,2008,22,110,Russian Federation,1,2,0,3
1743,1908,Summer,Great Britain,London,2008,22,110,South Africa,1,1,0,2
1744,1908,Summer,Great Britain,London,2008,22,110,Sweden,8,6,11,25
1745,1908,Summer,Great Britain,London,2008,22,110,United Kingdom,56,51,39,146
1746,1908,Summer,Great Britain,London,2008,22,110,United States of America,23,12,12,47
1747,1904,Summer,United States,St. Louis,651,12,95,United States of America,76,78,77,231
1748,1904,Summer,United States,St. Louis,651,12,95,Germany,4,5,6,15
1749,1904,Summer,United States,St. Louis,651,12,95,Canada,4,1,1,6
1750,1904,Summer,United States,St. Louis,651,12,95,Cuba,3,0,0,3
1751,1904,Summer,United States,St. Louis,651,12,95,Hungary,2,1,1,4
1752,1904,Summer,United States,St. Louis,651,12,95,Mixed team,2,1,1,4
1753,1904,Summer,United States,St. Louis,651,12,95,Norway,2,0,0,2
1754,1904,Summer,United States,St. Louis,651,12,95,Austria,1,1,1,3
1755,1904,Summer,United States,St. Louis,651,12,95,Great Britain,1,1,0,2
1756,1904,Summer,United States,St. Louis,651,12,95,Switzerland,1,0,2,3
1757,1904,Summer,United States,St. Louis,651,12,95,Greece,1,0,1,2
1758,1904,Summer,United States,St. Louis,651,12,95,Australia,0,3,1,4
1759,1904,Summer,United States,St. Louis,651,12,95,France,0,1,0,1
1760,1900,Summer,France,Paris,1226,26,95,France,27,38,37,102
1761,1900,Summer,France,Paris,1226,26,95,United States of America,19,14,15,48
1762,1900,Summer,France,Paris,1226,26,95,Great Britain,15,8,9,32
1763,1900,Summer,France,Paris,1226,26,95,Mixed team,8,5,6,19
1764,1900,Summer,France,Paris,1226,26,95,Belgium,6,7,4,17
1765,1900,Summer,France,Paris,1226,26,95,Switzerland,6,2,1,9
1766,1900,Summer,France,Paris,1226,26,95,Germany,4,3,2,9
1767,1900,Summer,France,Paris,1226,26,95,Italy,3,2,0,5
1768,1900,Summer,France,Paris,1226,26,95,Australia,2,0,3,5
1769,1900,Summer,France,Paris,1226,26,95,Denmark,1,3,2,6
1770,1896,Summer,Greece,Athens,241,14,43,Australia,2,0,1,3
1771,1896,Summer,Greece,Athens,241,14,43,Austria,2,1,2,5
1772,1896,Summer,Greece,Athens,241,14,43,Denmark,1,2,3,6
1773,1896,Summer,Greece,Athens,241,14,43,France,5,4,2,11
1774,1896,Summer,Greece,Athens,241,14,43,Germany,7,5,2,14
1775,1896,Summer,Greece,Athens,241,14,43,Greece,10,18,19,47
1776,1896,Summer,Greece,Athens,241,14,43,Hungary,2,1,3,6
1777,1896,Summer,Greece,Athens,241,14,43,Mixed team,1,0,1,2
1778,1896,Summer,Greece,Athens,241,14,43,Switzerland,1,2,0,3
1779,1896,Summer,Greece,Athens,241,14,43,United Kingdom,3,3,3,9
1780,1896,Summer,Greece,Athens,241,14,43,United States of America,11,7,2,20
